2026-09-22 23:36:30.223 - RealTimeSTT: realtimestt - INFO - Starting RealTimeSTT
2026-09-22 23:36:30.241 - RealTimeSTT: realtimestt - INFO - Initializing audio recording (creating pyAudio input stream, sample rate: 16000 buffer size: 512
2026-09-22 23:36:30.257 - RealTimeSTT: realtimestt - INFO - Initializing WebRTC voice with Sensitivity 2
2026-09-22 23:36:30.257 - RealTimeSTT: realtimestt - DEBUG - WebRTC VAD voice activity detection engine initialized successfully
2026-09-22 23:40:13.411 - RealTimeSTT: realtimestt - INFO - Starting RealTimeSTT
2026-09-22 23:40:13.431 - RealTimeSTT: realtimestt - INFO - Initializing audio recording (creating pyAudio input stream, sample rate: 16000 buffer size: 512
2026-09-22 23:40:13.447 - RealTimeSTT: realtimestt - INFO - Initializing WebRTC voice with Sensitivity 2
2026-09-22 23:40:13.447 - RealTimeSTT: realtimestt - DEBUG - WebRTC VAD voice activity detection engine initialized successfully
2026-09-22 23:40:46.142 - RealTimeSTT: realtimestt - DEBUG - Silero VAD voice activity detection engine initialized successfully with backend legacy
2026-09-22 23:40:46.144 - RealTimeSTT: realtimestt - DEBUG - Starting realtime worker
2026-09-22 23:40:46.145 - RealTimeSTT: realtimestt - DEBUG - Waiting for main transcription model to start
2026-09-22 23:40:46.145 - RealTimeSTT: realtimestt - DEBUG - Realtime transcription disabled; realtime worker exits
2026-09-22 23:40:46.144 - RealTimeSTT: realtimestt - WARNING - Audio queue size exceeds latency limit. Current size: 811. Discarding old audio chunks.
2026-09-22 23:40:46.145 - RealTimeSTT: realtimestt - DEBUG - Main transcription model ready
2026-09-22 23:40:46.145 - RealTimeSTT: realtimestt - DEBUG - RealtimeSTT initialization completed successfully
2026-09-22 23:40:46.973 - RealTimeSTT: realtimestt - INFO - Setting listen time
2026-09-22 23:40:46.973 - RealTimeSTT: realtimestt - INFO - State changed from 'inactive' to 'listening'
2026-09-22 23:40:46.973 - RealTimeSTT: realtimestt - DEBUG - Waiting for recording start
2026-09-22 23:40:49.018 - RealTimeSTT: realtimestt - INFO - voice activity detected
2026-09-22 23:40:49.018 - RealTimeSTT: realtimestt - INFO - recording started
2026-09-22 23:40:49.018 - RealTimeSTT: realtimestt - INFO - State changed from 'listening' to 'recording'
2026-09-22 23:40:49.019 - RealTimeSTT: realtimestt - DEBUG - Waiting for recording stop
2026-09-22 23:40:50.749 - RealTimeSTT: realtimestt - INFO - recording stopped
2026-09-22 23:40:50.751 - RealTimeSTT: realtimestt - DEBUG - No samples removed, final audio length: 34304
2026-09-22 23:40:50.751 - RealTimeSTT: realtimestt - INFO - State changed from 'recording' to 'inactive'
2026-09-22 23:40:50.751 - RealTimeSTT: realtimestt - INFO - State changed from 'inactive' to 'transcribing'
2026-09-22 23:40:50.751 - RealTimeSTT: realtimestt - DEBUG - Adding transcription request, no early transcription started
2026-09-22 23:40:50.753 - RealTimeSTT: realtimestt - DEBUG - Receive from parent_transcription_pipe after sendiung transcription request, transcribe_count: 1
2026-09-22 23:40:50.862 - RealTimeSTT: realtimestt - DEBUG - Receive from parent_transcription_pipe after sendiung transcription request, transcribe_count: 1
2026-09-22 23:40:50.969 - RealTimeSTT: realtimestt - DEBUG - Receive from parent_transcription_pipe after sendiung transcription request, transcribe_count: 1
2026-09-22 23:40:51.078 - RealTimeSTT: realtimestt - DEBUG - Receive from parent_transcription_pipe after sendiung transcription request, transcribe_count: 1
2026-09-22 23:40:51.188 - RealTimeSTT: realtimestt - DEBUG - Receive from parent_transcription_pipe after sendiung transcription request, transcribe_count: 1
2026-09-22 23:40:51.297 - RealTimeSTT: realtimestt - DEBUG - Receive from parent_transcription_pipe after sendiung transcription request, transcribe_count: 1
2026-09-22 23:40:51.406 - RealTimeSTT: realtimestt - DEBUG - Receive from parent_transcription_pipe after sendiung transcription request, transcribe_count: 1
2026-09-22 23:40:51.516 - RealTimeSTT: realtimestt - DEBUG - Receive from parent_transcription_pipe after sendiung transcription request, transcribe_count: 1
2026-09-22 23:40:51.624 - RealTimeSTT: realtimestt - DEBUG - Receive from parent_transcription_pipe after sendiung transcription request, transcribe_count: 1
2026-09-22 23:40:51.734 - RealTimeSTT: realtimestt - DEBUG - Receive from parent_transcription_pipe after sendiung transcription request, transcribe_count: 1
2026-09-22 23:40:51.843 - RealTimeSTT: realtimestt - DEBUG - Receive from parent_transcription_pipe after sendiung transcription request, transcribe_count: 1
2026-09-22 23:40:51.953 - RealTimeSTT: realtimestt - DEBUG - Receive from parent_transcription_pipe after sendiung transcription request, transcribe_count: 1
2026-09-22 23:40:52.061 - RealTimeSTT: realtimestt - DEBUG - Receive from parent_transcription_pipe after sendiung transcription request, transcribe_count: 1
2026-09-22 23:40:52.169 - RealTimeSTT: realtimestt - DEBUG - Receive from parent_transcription_pipe after sendiung transcription request, transcribe_count: 1
2026-09-22 23:40:52.279 - RealTimeSTT: realtimestt - DEBUG - Receive from parent_transcription_pipe after sendiung transcription request, transcribe_count: 1
2026-09-22 23:40:52.388 - RealTimeSTT: realtimestt - DEBUG - Receive from parent_transcription_pipe after sendiung transcription request, transcribe_count: 1
2026-09-22 23:40:52.498 - RealTimeSTT: realtimestt - DEBUG - Receive from parent_transcription_pipe after sendiung transcription request, transcribe_count: 1
2026-09-22 23:40:52.543 - RealTimeSTT: realtimestt - INFO - State changed from 'transcribing' to 'inactive'
2026-09-22 23:40:52.543 - RealTimeSTT: realtimestt - DEBUG - Model small completed transcription in 1.79 seconds
2026-09-22 23:40:53.367 - RealTimeSTT: realtimestt - INFO - Setting listen time
2026-09-22 23:40:53.367 - RealTimeSTT: realtimestt - INFO - State changed from 'inactive' to 'listening'
2026-09-22 23:40:53.369 - RealTimeSTT: realtimestt - DEBUG - Waiting for recording start
2026-09-22 23:40:58.878 - RealTimeSTT: realtimestt - INFO - voice activity detected
2026-09-22 23:40:58.878 - RealTimeSTT: realtimestt - INFO - recording started
2026-09-22 23:40:58.879 - RealTimeSTT: realtimestt - INFO - State changed from 'listening' to 'recording'
2026-09-22 23:40:58.879 - RealTimeSTT: realtimestt - DEBUG - Waiting for recording stop
2026-09-22 23:41:01.949 - RealTimeSTT: realtimestt - INFO - recording stopped
2026-09-22 23:41:01.951 - RealTimeSTT: realtimestt - DEBUG - No samples removed, final audio length: 55808
2026-09-22 23:41:01.952 - RealTimeSTT: realtimestt - INFO - State changed from 'recording' to 'inactive'
2026-09-22 23:41:01.952 - RealTimeSTT: realtimestt - INFO - State changed from 'inactive' to 'transcribing'
2026-09-22 23:41:01.952 - RealTimeSTT: realtimestt - DEBUG - Adding transcription request, no early transcription started
2026-09-22 23:41:01.968 - RealTimeSTT: realtimestt - DEBUG - Receive from parent_transcription_pipe after sendiung transcription request, transcribe_count: 1
2026-09-22 23:41:02.072 - RealTimeSTT: realtimestt - DEBUG - Receive from parent_transcription_pipe after sendiung transcription request, transcribe_count: 1
2026-09-22 23:41:02.180 - RealTimeSTT: realtimestt - DEBUG - Receive from parent_transcription_pipe after sendiung transcription request, transcribe_count: 1
2026-09-22 23:41:02.289 - RealTimeSTT: realtimestt - DEBUG - Receive from parent_transcription_pipe after sendiung transcription request, transcribe_count: 1
2026-09-22 23:41:02.402 - RealTimeSTT: realtimestt - DEBUG - Receive from parent_transcription_pipe after sendiung transcription request, transcribe_count: 1
2026-09-22 23:41:02.507 - RealTimeSTT: realtimestt - DEBUG - Receive from parent_transcription_pipe after sendiung transcription request, transcribe_count: 1
2026-09-22 23:41:02.617 - RealTimeSTT: realtimestt - DEBUG - Receive from parent_transcription_pipe after sendiung transcription request, transcribe_count: 1
2026-09-22 23:41:02.724 - RealTimeSTT: realtimestt - DEBUG - Receive from parent_transcription_pipe after sendiung transcription request, transcribe_count: 1
2026-09-22 23:41:02.831 - RealTimeSTT: realtimestt - DEBUG - Receive from parent_transcription_pipe after sendiung transcription request, transcribe_count: 1
2026-09-22 23:41:02.940 - RealTimeSTT: realtimestt - DEBUG - Receive from parent_transcription_pipe after sendiung transcription request, transcribe_count: 1
2026-09-22 23:41:03.053 - RealTimeSTT: realtimestt - DEBUG - Receive from parent_transcription_pipe after sendiung transcription request, transcribe_count: 1
2026-09-22 23:41:03.162 - RealTimeSTT: realtimestt - DEBUG - Receive from parent_transcription_pipe after sendiung transcription request, transcribe_count: 1
2026-09-22 23:41:03.267 - RealTimeSTT: realtimestt - DEBUG - Receive from parent_transcription_pipe after sendiung transcription request, transcribe_count: 1
2026-09-22 23:41:03.376 - RealTimeSTT: realtimestt - DEBUG - Receive from parent_transcription_pipe after sendiung transcription request, transcribe_count: 1
2026-09-22 23:41:03.488 - RealTimeSTT: realtimestt - DEBUG - Receive from parent_transcription_pipe after sendiung transcription request, transcribe_count: 1
2026-09-22 23:41:03.594 - RealTimeSTT: realtimestt - DEBUG - Receive from parent_transcription_pipe after sendiung transcription request, transcribe_count: 1
2026-09-22 23:41:03.702 - RealTimeSTT: realtimestt - DEBUG - Receive from parent_transcription_pipe after sendiung transcription request, transcribe_count: 1
2026-09-22 23:41:03.809 - RealTimeSTT: realtimestt - DEBUG - Receive from parent_transcription_pipe after sendiung transcription request, transcribe_count: 1
2026-09-22 23:41:03.918 - RealTimeSTT: realtimestt - DEBUG - Receive from parent_transcription_pipe after sendiung transcription request, transcribe_count: 1
2026-09-22 23:41:04.029 - RealTimeSTT: realtimestt - DEBUG - Receive from parent_transcription_pipe after sendiung transcription request, transcribe_count: 1
2026-09-22 23:41:04.137 - RealTimeSTT: realtimestt - DEBUG - Receive from parent_transcription_pipe after sendiung transcription request, transcribe_count: 1
2026-09-22 23:41:04.248 - RealTimeSTT: realtimestt - DEBUG - Receive from parent_transcription_pipe after sendiung transcription request, transcribe_count: 1
2026-09-22 23:41:04.355 - RealTimeSTT: realtimestt - DEBUG - Receive from parent_transcription_pipe after sendiung transcription request, transcribe_count: 1
2026-09-22 23:41:04.464 - RealTimeSTT: realtimestt - DEBUG - Receive from parent_transcription_pipe after sendiung transcription request, transcribe_count: 1
2026-09-22 23:41:04.525 - RealTimeSTT: realtimestt - INFO - State changed from 'transcribing' to 'inactive'
2026-09-22 23:41:04.527 - RealTimeSTT: realtimestt - DEBUG - Model small completed transcription in 2.57 seconds
2026-09-22 23:41:05.351 - RealTimeSTT: realtimestt - INFO - Setting listen time
2026-09-22 23:41:05.351 - RealTimeSTT: realtimestt - INFO - State changed from 'inactive' to 'listening'
2026-09-22 23:41:05.351 - RealTimeSTT: realtimestt - DEBUG - Waiting for recording start
2026-09-22 23:41:19.799 - RealTimeSTT: realtimestt - INFO - voice activity detected
2026-09-22 23:41:19.799 - RealTimeSTT: realtimestt - INFO - recording started
2026-09-22 23:41:19.799 - RealTimeSTT: realtimestt - INFO - State changed from 'listening' to 'recording'
2026-09-22 23:41:19.799 - RealTimeSTT: realtimestt - DEBUG - Waiting for recording stop
2026-09-22 23:41:22.879 - RealTimeSTT: realtimestt - INFO - recording stopped
2026-09-22 23:41:22.881 - RealTimeSTT: realtimestt - DEBUG - No samples removed, final audio length: 55808
2026-09-22 23:41:22.881 - RealTimeSTT: realtimestt - INFO - State changed from 'recording' to 'inactive'
2026-09-22 23:41:22.881 - RealTimeSTT: realtimestt - INFO - State changed from 'inactive' to 'transcribing'
2026-09-22 23:41:22.882 - RealTimeSTT: realtimestt - DEBUG - Adding transcription request, no early transcription started
2026-09-22 23:41:22.890 - RealTimeSTT: realtimestt - DEBUG - Receive from parent_transcription_pipe after sendiung transcription request, transcribe_count: 1
2026-09-22 23:41:22.994 - RealTimeSTT: realtimestt - DEBUG - Receive from parent_transcription_pipe after sendiung transcription request, transcribe_count: 1
2026-09-22 23:41:23.104 - RealTimeSTT: realtimestt - DEBUG - Receive from parent_transcription_pipe after sendiung transcription request, transcribe_count: 1
2026-09-22 23:41:23.213 - RealTimeSTT: realtimestt - DEBUG - Receive from parent_transcription_pipe after sendiung transcription request, transcribe_count: 1
2026-09-22 23:41:23.322 - RealTimeSTT: realtimestt - DEBUG - Receive from parent_transcription_pipe after sendiung transcription request, transcribe_count: 1
2026-09-22 23:41:23.431 - RealTimeSTT: realtimestt - DEBUG - Receive from parent_transcription_pipe after sendiung transcription request, transcribe_count: 1
2026-09-22 23:41:23.541 - RealTimeSTT: realtimestt - DEBUG - Receive from parent_transcription_pipe after sendiung transcription request, transcribe_count: 1
2026-09-22 23:41:23.651 - RealTimeSTT: realtimestt - DEBUG - Receive from parent_transcription_pipe after sendiung transcription request, transcribe_count: 1
2026-09-22 23:41:23.759 - RealTimeSTT: realtimestt - DEBUG - Receive from parent_transcription_pipe after sendiung transcription request, transcribe_count: 1
2026-09-22 23:41:23.870 - RealTimeSTT: realtimestt - DEBUG - Receive from parent_transcription_pipe after sendiung transcription request, transcribe_count: 1
2026-09-22 23:41:23.979 - RealTimeSTT: realtimestt - DEBUG - Receive from parent_transcription_pipe after sendiung transcription request, transcribe_count: 1
2026-09-22 23:41:24.086 - RealTimeSTT: realtimestt - DEBUG - Receive from parent_transcription_pipe after sendiung transcription request, transcribe_count: 1
2026-09-22 23:41:24.195 - RealTimeSTT: realtimestt - DEBUG - Receive from parent_transcription_pipe after sendiung transcription request, transcribe_count: 1
2026-09-22 23:41:24.303 - RealTimeSTT: realtimestt - DEBUG - Receive from parent_transcription_pipe after sendiung transcription request, transcribe_count: 1
2026-09-22 23:41:24.412 - RealTimeSTT: realtimestt - DEBUG - Receive from parent_transcription_pipe after sendiung transcription request, transcribe_count: 1
2026-09-22 23:41:24.523 - RealTimeSTT: realtimestt - DEBUG - Receive from parent_transcription_pipe after sendiung transcription request, transcribe_count: 1
2026-09-22 23:41:24.634 - RealTimeSTT: realtimestt - DEBUG - Receive from parent_transcription_pipe after sendiung transcription request, transcribe_count: 1
2026-09-22 23:41:24.742 - RealTimeSTT: realtimestt - DEBUG - Receive from parent_transcription_pipe after sendiung transcription request, transcribe_count: 1
2026-09-22 23:41:24.840 - RealTimeSTT: realtimestt - INFO - State changed from 'transcribing' to 'inactive'
2026-09-22 23:41:24.840 - RealTimeSTT: realtimestt - DEBUG - Model small completed transcription in 1.96 seconds
2026-09-22 23:41:25.663 - RealTimeSTT: realtimestt - INFO - Setting listen time
2026-09-22 23:41:25.664 - RealTimeSTT: realtimestt - INFO - State changed from 'inactive' to 'listening'
2026-09-22 23:41:25.664 - RealTimeSTT: realtimestt - DEBUG - Waiting for recording start
2026-09-22 23:41:27.480 - RealTimeSTT: realtimestt - INFO - voice activity detected
2026-09-22 23:41:27.480 - RealTimeSTT: realtimestt - INFO - recording started
2026-09-22 23:41:27.480 - RealTimeSTT: realtimestt - INFO - State changed from 'listening' to 'recording'
2026-09-22 23:41:27.480 - RealTimeSTT: realtimestt - DEBUG - Waiting for recording stop
2026-09-22 23:41:30.999 - RealTimeSTT: realtimestt - INFO - recording stopped
2026-09-22 23:41:31.001 - RealTimeSTT: realtimestt - DEBUG - No samples removed, final audio length: 62976
2026-09-22 23:41:31.003 - RealTimeSTT: realtimestt - INFO - State changed from 'recording' to 'inactive'
2026-09-22 23:41:31.003 - RealTimeSTT: realtimestt - INFO - State changed from 'inactive' to 'transcribing'
2026-09-22 23:41:31.003 - RealTimeSTT: realtimestt - DEBUG - Adding transcription request, no early transcription started
2026-09-22 23:41:31.008 - RealTimeSTT: realtimestt - DEBUG - Receive from parent_transcription_pipe after sendiung transcription request, transcribe_count: 1
2026-09-22 23:41:31.113 - RealTimeSTT: realtimestt - DEBUG - Receive from parent_transcription_pipe after sendiung transcription request, transcribe_count: 1
2026-09-22 23:41:31.220 - RealTimeSTT: realtimestt - DEBUG - Receive from parent_transcription_pipe after sendiung transcription request, transcribe_count: 1
2026-09-22 23:41:31.331 - RealTimeSTT: realtimestt - DEBUG - Receive from parent_transcription_pipe after sendiung transcription request, transcribe_count: 1
2026-09-22 23:41:31.440 - RealTimeSTT: realtimestt - DEBUG - Receive from parent_transcription_pipe after sendiung transcription request, transcribe_count: 1
2026-09-22 23:41:31.547 - RealTimeSTT: realtimestt - DEBUG - Receive from parent_transcription_pipe after sendiung transcription request, transcribe_count: 1
2026-09-22 23:41:31.656 - RealTimeSTT: realtimestt - DEBUG - Receive from parent_transcription_pipe after sendiung transcription request, transcribe_count: 1
2026-09-22 23:41:31.763 - RealTimeSTT: realtimestt - DEBUG - Receive from parent_transcription_pipe after sendiung transcription request, transcribe_count: 1
2026-09-22 23:41:31.873 - RealTimeSTT: realtimestt - DEBUG - Receive from parent_transcription_pipe after sendiung transcription request, transcribe_count: 1
2026-09-22 23:41:31.981 - RealTimeSTT: realtimestt - DEBUG - Receive from parent_transcription_pipe after sendiung transcription request, transcribe_count: 1
2026-09-22 23:41:32.088 - RealTimeSTT: realtimestt - DEBUG - Receive from parent_transcription_pipe after sendiung transcription request, transcribe_count: 1
2026-09-22 23:41:32.196 - RealTimeSTT: realtimestt - DEBUG - Receive from parent_transcription_pipe after sendiung transcription request, transcribe_count: 1
2026-09-22 23:41:32.305 - RealTimeSTT: realtimestt - DEBUG - Receive from parent_transcription_pipe after sendiung transcription request, transcribe_count: 1
2026-09-22 23:41:32.413 - RealTimeSTT: realtimestt - DEBUG - Receive from parent_transcription_pipe after sendiung transcription request, transcribe_count: 1
2026-09-22 23:41:32.522 - RealTimeSTT: realtimestt - DEBUG - Receive from parent_transcription_pipe after sendiung transcription request, transcribe_count: 1
2026-09-22 23:41:32.633 - RealTimeSTT: realtimestt - DEBUG - Receive from parent_transcription_pipe after sendiung transcription request, transcribe_count: 1
2026-09-22 23:41:32.742 - RealTimeSTT: realtimestt - DEBUG - Receive from parent_transcription_pipe after sendiung transcription request, transcribe_count: 1
2026-09-22 23:41:32.849 - RealTimeSTT: realtimestt - DEBUG - Receive from parent_transcription_pipe after sendiung transcription request, transcribe_count: 1
2026-09-22 23:41:32.958 - RealTimeSTT: realtimestt - DEBUG - Receive from parent_transcription_pipe after sendiung transcription request, transcribe_count: 1
2026-09-22 23:41:33.066 - RealTimeSTT: realtimestt - DEBUG - Receive from parent_transcription_pipe after sendiung transcription request, transcribe_count: 1
2026-09-22 23:41:33.174 - RealTimeSTT: realtimestt - DEBUG - Receive from parent_transcription_pipe after sendiung transcription request, transcribe_count: 1
2026-09-22 23:41:33.282 - RealTimeSTT: realtimestt - DEBUG - Receive from parent_transcription_pipe after sendiung transcription request, transcribe_count: 1
2026-09-22 23:41:33.390 - RealTimeSTT: realtimestt - DEBUG - Receive from parent_transcription_pipe after sendiung transcription request, transcribe_count: 1
2026-09-22 23:41:33.500 - RealTimeSTT: realtimestt - DEBUG - Receive from parent_transcription_pipe after sendiung transcription request, transcribe_count: 1
2026-09-22 23:41:33.609 - RealTimeSTT: realtimestt - DEBUG - Receive from parent_transcription_pipe after sendiung transcription request, transcribe_count: 1
2026-09-22 23:41:33.719 - RealTimeSTT: realtimestt - DEBUG - Receive from parent_transcription_pipe after sendiung transcription request, transcribe_count: 1
2026-09-22 23:41:33.827 - RealTimeSTT: realtimestt - DEBUG - Receive from parent_transcription_pipe after sendiung transcription request, transcribe_count: 1
2026-09-22 23:41:33.935 - RealTimeSTT: realtimestt - DEBUG - Receive from parent_transcription_pipe after sendiung transcription request, transcribe_count: 1
2026-09-22 23:41:34.045 - RealTimeSTT: realtimestt - DEBUG - Receive from parent_transcription_pipe after sendiung transcription request, transcribe_count: 1
2026-09-22 23:41:34.153 - RealTimeSTT: realtimestt - DEBUG - Receive from parent_transcription_pipe after sendiung transcription request, transcribe_count: 1
2026-09-22 23:41:34.263 - RealTimeSTT: realtimestt - DEBUG - Receive from parent_transcription_pipe after sendiung transcription request, transcribe_count: 1
2026-09-22 23:41:34.373 - RealTimeSTT: realtimestt - DEBUG - Receive from parent_transcription_pipe after sendiung transcription request, transcribe_count: 1
2026-09-22 23:41:34.480 - RealTimeSTT: realtimestt - DEBUG - Receive from parent_transcription_pipe after sendiung transcription request, transcribe_count: 1
2026-09-22 23:41:34.590 - RealTimeSTT: realtimestt - DEBUG - Receive from parent_transcription_pipe after sendiung transcription request, transcribe_count: 1
2026-09-22 23:41:34.700 - RealTimeSTT: realtimestt - DEBUG - Receive from parent_transcription_pipe after sendiung transcription request, transcribe_count: 1
2026-09-22 23:41:34.809 - RealTimeSTT: realtimestt - DEBUG - Receive from parent_transcription_pipe after sendiung transcription request, transcribe_count: 1
2026-09-22 23:41:34.920 - RealTimeSTT: realtimestt - DEBUG - Receive from parent_transcription_pipe after sendiung transcription request, transcribe_count: 1
2026-09-22 23:41:34.969 - RealTimeSTT: realtimestt - INFO - voice activity detected
2026-09-22 23:41:34.969 - RealTimeSTT: realtimestt - INFO - recording started
2026-09-22 23:41:34.969 - RealTimeSTT: realtimestt - INFO - State changed from 'transcribing' to 'recording'
2026-09-22 23:41:35.028 - RealTimeSTT: realtimestt - DEBUG - Receive from parent_transcription_pipe after sendiung transcription request, transcribe_count: 1
2026-09-22 23:41:35.137 - RealTimeSTT: realtimestt - DEBUG - Receive from parent_transcription_pipe after sendiung transcription request, transcribe_count: 1
2026-09-22 23:41:35.245 - RealTimeSTT: realtimestt - DEBUG - Receive from parent_transcription_pipe after sendiung transcription request, transcribe_count: 1
2026-09-22 23:41:35.353 - RealTimeSTT: realtimestt - DEBUG - Receive from parent_transcription_pipe after sendiung transcription request, transcribe_count: 1
2026-09-22 23:41:35.462 - RealTimeSTT: realtimestt - DEBUG - Receive from parent_transcription_pipe after sendiung transcription request, transcribe_count: 1
2026-09-22 23:41:35.573 - RealTimeSTT: realtimestt - DEBUG - Receive from parent_transcription_pipe after sendiung transcription request, transcribe_count: 1
2026-09-22 23:41:35.681 - RealTimeSTT: realtimestt - DEBUG - Receive from parent_transcription_pipe after sendiung transcription request, transcribe_count: 1
2026-09-22 23:41:35.788 - RealTimeSTT: realtimestt - DEBUG - Receive from parent_transcription_pipe after sendiung transcription request, transcribe_count: 1
2026-09-22 23:41:35.896 - RealTimeSTT: realtimestt - DEBUG - Receive from parent_transcription_pipe after sendiung transcription request, transcribe_count: 1
2026-09-22 23:41:36.005 - RealTimeSTT: realtimestt - DEBUG - Receive from parent_transcription_pipe after sendiung transcription request, transcribe_count: 1
2026-09-22 23:41:36.115 - RealTimeSTT: realtimestt - DEBUG - Receive from parent_transcription_pipe after sendiung transcription request, transcribe_count: 1
2026-09-22 23:41:36.224 - RealTimeSTT: realtimestt - DEBUG - Receive from parent_transcription_pipe after sendiung transcription request, transcribe_count: 1
2026-09-22 23:41:36.333 - RealTimeSTT: realtimestt - DEBUG - Receive from parent_transcription_pipe after sendiung transcription request, transcribe_count: 1
2026-09-22 23:41:36.442 - RealTimeSTT: realtimestt - DEBUG - Receive from parent_transcription_pipe after sendiung transcription request, transcribe_count: 1
2026-09-22 23:41:36.552 - RealTimeSTT: realtimestt - DEBUG - Receive from parent_transcription_pipe after sendiung transcription request, transcribe_count: 1
2026-09-22 23:41:36.659 - RealTimeSTT: realtimestt - DEBUG - Receive from parent_transcription_pipe after sendiung transcription request, transcribe_count: 1
2026-09-22 23:41:36.766 - RealTimeSTT: realtimestt - DEBUG - Receive from parent_transcription_pipe after sendiung transcription request, transcribe_count: 1
2026-09-22 23:41:36.874 - RealTimeSTT: realtimestt - DEBUG - Receive from parent_transcription_pipe after sendiung transcription request, transcribe_count: 1
2026-09-22 23:41:36.984 - RealTimeSTT: realtimestt - DEBUG - Receive from parent_transcription_pipe after sendiung transcription request, transcribe_count: 1
2026-09-22 23:41:37.092 - RealTimeSTT: realtimestt - DEBUG - Receive from parent_transcription_pipe after sendiung transcription request, transcribe_count: 1
2026-09-22 23:41:37.202 - RealTimeSTT: realtimestt - DEBUG - Receive from parent_transcription_pipe after sendiung transcription request, transcribe_count: 1
2026-09-22 23:41:37.312 - RealTimeSTT: realtimestt - DEBUG - Receive from parent_transcription_pipe after sendiung transcription request, transcribe_count: 1
2026-09-22 23:41:37.422 - RealTimeSTT: realtimestt - DEBUG - Receive from parent_transcription_pipe after sendiung transcription request, transcribe_count: 1
2026-09-22 23:41:37.530 - RealTimeSTT: realtimestt - DEBUG - Receive from parent_transcription_pipe after sendiung transcription request, transcribe_count: 1
2026-09-22 23:41:37.641 - RealTimeSTT: realtimestt - DEBUG - Receive from parent_transcription_pipe after sendiung transcription request, transcribe_count: 1
2026-09-22 23:41:37.748 - RealTimeSTT: realtimestt - DEBUG - Receive from parent_transcription_pipe after sendiung transcription request, transcribe_count: 1
2026-09-22 23:41:37.856 - RealTimeSTT: realtimestt - DEBUG - Receive from parent_transcription_pipe after sendiung transcription request, transcribe_count: 1
2026-09-22 23:41:37.966 - RealTimeSTT: realtimestt - DEBUG - Receive from parent_transcription_pipe after sendiung transcription request, transcribe_count: 1
2026-09-22 23:41:38.076 - RealTimeSTT: realtimestt - DEBUG - Receive from parent_transcription_pipe after sendiung transcription request, transcribe_count: 1
2026-09-22 23:41:38.186 - RealTimeSTT: realtimestt - DEBUG - Receive from parent_transcription_pipe after sendiung transcription request, transcribe_count: 1
2026-09-22 23:41:38.293 - RealTimeSTT: realtimestt - DEBUG - Receive from parent_transcription_pipe after sendiung transcription request, transcribe_count: 1
2026-09-22 23:41:38.402 - RealTimeSTT: realtimestt - DEBUG - Receive from parent_transcription_pipe after sendiung transcription request, transcribe_count: 1
2026-09-22 23:41:38.511 - RealTimeSTT: realtimestt - DEBUG - Receive from parent_transcription_pipe after sendiung transcription request, transcribe_count: 1
2026-09-22 23:41:38.620 - RealTimeSTT: realtimestt - DEBUG - Receive from parent_transcription_pipe after sendiung transcription request, transcribe_count: 1
2026-09-22 23:41:38.729 - RealTimeSTT: realtimestt - DEBUG - Receive from parent_transcription_pipe after sendiung transcription request, transcribe_count: 1
2026-09-22 23:41:38.841 - RealTimeSTT: realtimestt - DEBUG - Receive from parent_transcription_pipe after sendiung transcription request, transcribe_count: 1
2026-09-22 23:41:38.949 - RealTimeSTT: realtimestt - DEBUG - Receive from parent_transcription_pipe after sendiung transcription request, transcribe_count: 1
2026-09-22 23:41:39.057 - RealTimeSTT: realtimestt - DEBUG - Receive from parent_transcription_pipe after sendiung transcription request, transcribe_count: 1
2026-09-22 23:41:39.165 - RealTimeSTT: realtimestt - DEBUG - Receive from parent_transcription_pipe after sendiung transcription request, transcribe_count: 1
2026-09-22 23:41:39.274 - RealTimeSTT: realtimestt - DEBUG - Receive from parent_transcription_pipe after sendiung transcription request, transcribe_count: 1
2026-09-22 23:41:39.383 - RealTimeSTT: realtimestt - DEBUG - Receive from parent_transcription_pipe after sendiung transcription request, transcribe_count: 1
2026-09-22 23:41:39.492 - RealTimeSTT: realtimestt - DEBUG - Receive from parent_transcription_pipe after sendiung transcription request, transcribe_count: 1
2026-09-22 23:41:39.602 - RealTimeSTT: realtimestt - DEBUG - Receive from parent_transcription_pipe after sendiung transcription request, transcribe_count: 1
2026-09-22 23:41:39.711 - RealTimeSTT: realtimestt - DEBUG - Receive from parent_transcription_pipe after sendiung transcription request, transcribe_count: 1
2026-09-22 23:41:39.819 - RealTimeSTT: realtimestt - DEBUG - Receive from parent_transcription_pipe after sendiung transcription request, transcribe_count: 1
2026-09-22 23:41:39.928 - RealTimeSTT: realtimestt - DEBUG - Receive from parent_transcription_pipe after sendiung transcription request, transcribe_count: 1
2026-09-22 23:41:40.037 - RealTimeSTT: realtimestt - DEBUG - Receive from parent_transcription_pipe after sendiung transcription request, transcribe_count: 1
2026-09-22 23:41:40.147 - RealTimeSTT: realtimestt - DEBUG - Receive from parent_transcription_pipe after sendiung transcription request, transcribe_count: 1
2026-09-22 23:41:40.260 - RealTimeSTT: realtimestt - DEBUG - Receive from parent_transcription_pipe after sendiung transcription request, transcribe_count: 1
2026-09-22 23:41:40.369 - RealTimeSTT: realtimestt - DEBUG - Receive from parent_transcription_pipe after sendiung transcription request, transcribe_count: 1
2026-09-22 23:41:40.478 - RealTimeSTT: realtimestt - DEBUG - Receive from parent_transcription_pipe after sendiung transcription request, transcribe_count: 1
2026-09-22 23:41:40.585 - RealTimeSTT: realtimestt - DEBUG - Receive from parent_transcription_pipe after sendiung transcription request, transcribe_count: 1
2026-09-22 23:41:40.694 - RealTimeSTT: realtimestt - DEBUG - Receive from parent_transcription_pipe after sendiung transcription request, transcribe_count: 1
2026-09-22 23:41:40.802 - RealTimeSTT: realtimestt - DEBUG - Receive from parent_transcription_pipe after sendiung transcription request, transcribe_count: 1
2026-09-22 23:41:40.911 - RealTimeSTT: realtimestt - DEBUG - Receive from parent_transcription_pipe after sendiung transcription request, transcribe_count: 1
2026-09-22 23:41:41.018 - RealTimeSTT: realtimestt - DEBUG - Receive from parent_transcription_pipe after sendiung transcription request, transcribe_count: 1
2026-09-22 23:41:41.126 - RealTimeSTT: realtimestt - DEBUG - Receive from parent_transcription_pipe after sendiung transcription request, transcribe_count: 1
2026-09-22 23:41:41.235 - RealTimeSTT: realtimestt - DEBUG - Receive from parent_transcription_pipe after sendiung transcription request, transcribe_count: 1
2026-09-22 23:41:41.344 - RealTimeSTT: realtimestt - DEBUG - Receive from parent_transcription_pipe after sendiung transcription request, transcribe_count: 1
2026-09-22 23:41:41.452 - RealTimeSTT: realtimestt - DEBUG - Receive from parent_transcription_pipe after sendiung transcription request, transcribe_count: 1
2026-09-22 23:41:41.561 - RealTimeSTT: realtimestt - DEBUG - Receive from parent_transcription_pipe after sendiung transcription request, transcribe_count: 1
2026-09-22 23:41:41.672 - RealTimeSTT: realtimestt - DEBUG - Receive from parent_transcription_pipe after sendiung transcription request, transcribe_count: 1
2026-09-22 23:41:41.782 - RealTimeSTT: realtimestt - DEBUG - Receive from parent_transcription_pipe after sendiung transcription request, transcribe_count: 1
2026-09-22 23:41:41.889 - RealTimeSTT: realtimestt - DEBUG - Receive from parent_transcription_pipe after sendiung transcription request, transcribe_count: 1
2026-09-22 23:41:41.998 - RealTimeSTT: realtimestt - DEBUG - Receive from parent_transcription_pipe after sendiung transcription request, transcribe_count: 1
2026-09-22 23:41:42.108 - RealTimeSTT: realtimestt - DEBUG - Receive from parent_transcription_pipe after sendiung transcription request, transcribe_count: 1
2026-09-22 23:41:42.218 - RealTimeSTT: realtimestt - DEBUG - Receive from parent_transcription_pipe after sendiung transcription request, transcribe_count: 1
2026-09-22 23:41:42.326 - RealTimeSTT: realtimestt - DEBUG - Receive from parent_transcription_pipe after sendiung transcription request, transcribe_count: 1
2026-09-22 23:41:42.438 - RealTimeSTT: realtimestt - DEBUG - Receive from parent_transcription_pipe after sendiung transcription request, transcribe_count: 1
2026-09-22 23:41:42.547 - RealTimeSTT: realtimestt - DEBUG - Receive from parent_transcription_pipe after sendiung transcription request, transcribe_count: 1
2026-09-22 23:41:42.654 - RealTimeSTT: realtimestt - DEBUG - Receive from parent_transcription_pipe after sendiung transcription request, transcribe_count: 1
2026-09-22 23:41:42.762 - RealTimeSTT: realtimestt - DEBUG - Receive from parent_transcription_pipe after sendiung transcription request, transcribe_count: 1
2026-09-22 23:41:42.872 - RealTimeSTT: realtimestt - DEBUG - Receive from parent_transcription_pipe after sendiung transcription request, transcribe_count: 1
2026-09-22 23:41:42.979 - RealTimeSTT: realtimestt - DEBUG - Receive from parent_transcription_pipe after sendiung transcription request, transcribe_count: 1
2026-09-22 23:41:43.090 - RealTimeSTT: realtimestt - DEBUG - Receive from parent_transcription_pipe after sendiung transcription request, transcribe_count: 1
2026-09-22 23:41:43.197 - RealTimeSTT: realtimestt - DEBUG - Receive from parent_transcription_pipe after sendiung transcription request, transcribe_count: 1
2026-09-22 23:41:43.305 - RealTimeSTT: realtimestt - DEBUG - Receive from parent_transcription_pipe after sendiung transcription request, transcribe_count: 1
2026-09-22 23:41:43.414 - RealTimeSTT: realtimestt - DEBUG - Receive from parent_transcription_pipe after sendiung transcription request, transcribe_count: 1
2026-09-22 23:41:43.523 - RealTimeSTT: realtimestt - DEBUG - Receive from parent_transcription_pipe after sendiung transcription request, transcribe_count: 1
2026-09-22 23:41:43.550 - RealTimeSTT: realtimestt - INFO - recording stopped
2026-09-22 23:41:43.631 - RealTimeSTT: realtimestt - DEBUG - Receive from parent_transcription_pipe after sendiung transcription request, transcribe_count: 1
2026-09-22 23:41:43.738 - RealTimeSTT: realtimestt - DEBUG - Receive from parent_transcription_pipe after sendiung transcription request, transcribe_count: 1
2026-09-22 23:41:43.847 - RealTimeSTT: realtimestt - DEBUG - Receive from parent_transcription_pipe after sendiung transcription request, transcribe_count: 1
2026-09-22 23:41:43.956 - RealTimeSTT: realtimestt - DEBUG - Receive from parent_transcription_pipe after sendiung transcription request, transcribe_count: 1
2026-09-22 23:41:44.065 - RealTimeSTT: realtimestt - DEBUG - Receive from parent_transcription_pipe after sendiung transcription request, transcribe_count: 1
2026-09-22 23:41:44.173 - RealTimeSTT: realtimestt - DEBUG - Receive from parent_transcription_pipe after sendiung transcription request, transcribe_count: 1
2026-09-22 23:41:44.281 - RealTimeSTT: realtimestt - DEBUG - Receive from parent_transcription_pipe after sendiung transcription request, transcribe_count: 1
2026-09-22 23:41:44.392 - RealTimeSTT: realtimestt - DEBUG - Receive from parent_transcription_pipe after sendiung transcription request, transcribe_count: 1
2026-09-22 23:41:44.502 - RealTimeSTT: realtimestt - DEBUG - Receive from parent_transcription_pipe after sendiung transcription request, transcribe_count: 1
2026-09-22 23:41:44.612 - RealTimeSTT: realtimestt - DEBUG - Receive from parent_transcription_pipe after sendiung transcription request, transcribe_count: 1
2026-09-22 23:41:44.720 - RealTimeSTT: realtimestt - DEBUG - Receive from parent_transcription_pipe after sendiung transcription request, transcribe_count: 1
2026-09-22 23:41:44.829 - RealTimeSTT: realtimestt - DEBUG - Receive from parent_transcription_pipe after sendiung transcription request, transcribe_count: 1
2026-09-22 23:41:44.939 - RealTimeSTT: realtimestt - DEBUG - Receive from parent_transcription_pipe after sendiung transcription request, transcribe_count: 1
2026-09-22 23:41:45.049 - RealTimeSTT: realtimestt - DEBUG - Receive from parent_transcription_pipe after sendiung transcription request, transcribe_count: 1
2026-09-22 23:41:45.156 - RealTimeSTT: realtimestt - DEBUG - Receive from parent_transcription_pipe after sendiung transcription request, transcribe_count: 1
2026-09-22 23:41:45.264 - RealTimeSTT: realtimestt - DEBUG - Receive from parent_transcription_pipe after sendiung transcription request, transcribe_count: 1
2026-09-22 23:41:45.372 - RealTimeSTT: realtimestt - DEBUG - Receive from parent_transcription_pipe after sendiung transcription request, transcribe_count: 1
2026-09-22 23:41:45.481 - RealTimeSTT: realtimestt - DEBUG - Receive from parent_transcription_pipe after sendiung transcription request, transcribe_count: 1
2026-09-22 23:41:45.589 - RealTimeSTT: realtimestt - DEBUG - Receive from parent_transcription_pipe after sendiung transcription request, transcribe_count: 1
2026-09-22 23:41:45.701 - RealTimeSTT: realtimestt - DEBUG - Receive from parent_transcription_pipe after sendiung transcription request, transcribe_count: 1
2026-09-22 23:41:45.806 - RealTimeSTT: realtimestt - DEBUG - Receive from parent_transcription_pipe after sendiung transcription request, transcribe_count: 1
2026-09-22 23:41:45.914 - RealTimeSTT: realtimestt - DEBUG - Receive from parent_transcription_pipe after sendiung transcription request, transcribe_count: 1
2026-09-22 23:41:46.025 - RealTimeSTT: realtimestt - DEBUG - Receive from parent_transcription_pipe after sendiung transcription request, transcribe_count: 1
2026-09-22 23:41:46.135 - RealTimeSTT: realtimestt - DEBUG - Receive from parent_transcription_pipe after sendiung transcription request, transcribe_count: 1
2026-09-22 23:41:46.246 - RealTimeSTT: realtimestt - DEBUG - Receive from parent_transcription_pipe after sendiung transcription request, transcribe_count: 1
2026-09-22 23:41:46.356 - RealTimeSTT: realtimestt - DEBUG - Receive from parent_transcription_pipe after sendiung transcription request, transcribe_count: 1
2026-09-22 23:41:46.465 - RealTimeSTT: realtimestt - DEBUG - Receive from parent_transcription_pipe after sendiung transcription request, transcribe_count: 1
2026-09-22 23:41:46.571 - RealTimeSTT: realtimestt - DEBUG - Receive from parent_transcription_pipe after sendiung transcription request, transcribe_count: 1
2026-09-22 23:41:46.679 - RealTimeSTT: realtimestt - DEBUG - Receive from parent_transcription_pipe after sendiung transcription request, transcribe_count: 1
2026-09-22 23:41:46.789 - RealTimeSTT: realtimestt - DEBUG - Receive from parent_transcription_pipe after sendiung transcription request, transcribe_count: 1
2026-09-22 23:41:46.899 - RealTimeSTT: realtimestt - DEBUG - Receive from parent_transcription_pipe after sendiung transcription request, transcribe_count: 1
2026-09-22 23:41:47.008 - RealTimeSTT: realtimestt - DEBUG - Receive from parent_transcription_pipe after sendiung transcription request, transcribe_count: 1
2026-09-22 23:41:47.118 - RealTimeSTT: realtimestt - DEBUG - Receive from parent_transcription_pipe after sendiung transcription request, transcribe_count: 1
2026-09-22 23:41:47.228 - RealTimeSTT: realtimestt - DEBUG - Receive from parent_transcription_pipe after sendiung transcription request, transcribe_count: 1
2026-09-22 23:41:47.338 - RealTimeSTT: realtimestt - DEBUG - Receive from parent_transcription_pipe after sendiung transcription request, transcribe_count: 1
2026-09-22 23:41:47.446 - RealTimeSTT: realtimestt - DEBUG - Receive from parent_transcription_pipe after sendiung transcription request, transcribe_count: 1
2026-09-22 23:41:47.554 - RealTimeSTT: realtimestt - DEBUG - Receive from parent_transcription_pipe after sendiung transcription request, transcribe_count: 1
2026-09-22 23:41:47.664 - RealTimeSTT: realtimestt - DEBUG - Receive from parent_transcription_pipe after sendiung transcription request, transcribe_count: 1
2026-09-22 23:41:47.774 - RealTimeSTT: realtimestt - DEBUG - Receive from parent_transcription_pipe after sendiung transcription request, transcribe_count: 1
2026-09-22 23:41:47.882 - RealTimeSTT: realtimestt - DEBUG - Receive from parent_transcription_pipe after sendiung transcription request, transcribe_count: 1
2026-09-22 23:41:47.991 - RealTimeSTT: realtimestt - DEBUG - Receive from parent_transcription_pipe after sendiung transcription request, transcribe_count: 1
2026-09-22 23:41:48.100 - RealTimeSTT: realtimestt - DEBUG - Receive from parent_transcription_pipe after sendiung transcription request, transcribe_count: 1
2026-09-22 23:41:48.206 - RealTimeSTT: realtimestt - DEBUG - Receive from parent_transcription_pipe after sendiung transcription request, transcribe_count: 1
2026-09-22 23:41:48.313 - RealTimeSTT: realtimestt - DEBUG - Receive from parent_transcription_pipe after sendiung transcription request, transcribe_count: 1
2026-09-22 23:41:48.420 - RealTimeSTT: realtimestt - DEBUG - Receive from parent_transcription_pipe after sendiung transcription request, transcribe_count: 1
2026-09-22 23:41:48.529 - RealTimeSTT: realtimestt - DEBUG - Receive from parent_transcription_pipe after sendiung transcription request, transcribe_count: 1
2026-09-22 23:41:48.641 - RealTimeSTT: realtimestt - DEBUG - Receive from parent_transcription_pipe after sendiung transcription request, transcribe_count: 1
2026-09-22 23:41:48.751 - RealTimeSTT: realtimestt - DEBUG - Receive from parent_transcription_pipe after sendiung transcription request, transcribe_count: 1
2026-09-22 23:41:48.859 - RealTimeSTT: realtimestt - DEBUG - Receive from parent_transcription_pipe after sendiung transcription request, transcribe_count: 1
2026-09-22 23:41:48.967 - RealTimeSTT: realtimestt - DEBUG - Receive from parent_transcription_pipe after sendiung transcription request, transcribe_count: 1
2026-09-22 23:41:49.077 - RealTimeSTT: realtimestt - DEBUG - Receive from parent_transcription_pipe after sendiung transcription request, transcribe_count: 1
2026-09-22 23:41:49.186 - RealTimeSTT: realtimestt - DEBUG - Receive from parent_transcription_pipe after sendiung transcription request, transcribe_count: 1
2026-09-22 23:41:49.294 - RealTimeSTT: realtimestt - DEBUG - Receive from parent_transcription_pipe after sendiung transcription request, transcribe_count: 1
2026-09-22 23:41:49.402 - RealTimeSTT: realtimestt - DEBUG - Receive from parent_transcription_pipe after sendiung transcription request, transcribe_count: 1
2026-09-22 23:41:49.512 - RealTimeSTT: realtimestt - DEBUG - Receive from parent_transcription_pipe after sendiung transcription request, transcribe_count: 1
2026-09-22 23:41:49.620 - RealTimeSTT: realtimestt - DEBUG - Receive from parent_transcription_pipe after sendiung transcription request, transcribe_count: 1
2026-09-22 23:41:49.730 - RealTimeSTT: realtimestt - DEBUG - Receive from parent_transcription_pipe after sendiung transcription request, transcribe_count: 1
2026-09-22 23:41:49.838 - RealTimeSTT: realtimestt - DEBUG - Receive from parent_transcription_pipe after sendiung transcription request, transcribe_count: 1
2026-09-22 23:41:49.947 - RealTimeSTT: realtimestt - DEBUG - Receive from parent_transcription_pipe after sendiung transcription request, transcribe_count: 1
2026-09-22 23:41:50.057 - RealTimeSTT: realtimestt - DEBUG - Receive from parent_transcription_pipe after sendiung transcription request, transcribe_count: 1
2026-09-22 23:41:50.165 - RealTimeSTT: realtimestt - DEBUG - Receive from parent_transcription_pipe after sendiung transcription request, transcribe_count: 1
2026-09-22 23:41:50.277 - RealTimeSTT: realtimestt - DEBUG - Receive from parent_transcription_pipe after sendiung transcription request, transcribe_count: 1
2026-09-22 23:41:50.385 - RealTimeSTT: realtimestt - DEBUG - Receive from parent_transcription_pipe after sendiung transcription request, transcribe_count: 1
2026-09-22 23:41:50.494 - RealTimeSTT: realtimestt - DEBUG - Receive from parent_transcription_pipe after sendiung transcription request, transcribe_count: 1
2026-09-22 23:41:50.603 - RealTimeSTT: realtimestt - DEBUG - Receive from parent_transcription_pipe after sendiung transcription request, transcribe_count: 1
2026-09-22 23:41:50.711 - RealTimeSTT: realtimestt - DEBUG - Receive from parent_transcription_pipe after sendiung transcription request, transcribe_count: 1
2026-09-22 23:41:50.819 - RealTimeSTT: realtimestt - DEBUG - Receive from parent_transcription_pipe after sendiung transcription request, transcribe_count: 1
2026-09-22 23:41:50.927 - RealTimeSTT: realtimestt - DEBUG - Receive from parent_transcription_pipe after sendiung transcription request, transcribe_count: 1
2026-09-22 23:41:51.036 - RealTimeSTT: realtimestt - DEBUG - Receive from parent_transcription_pipe after sendiung transcription request, transcribe_count: 1
2026-09-22 23:41:51.145 - RealTimeSTT: realtimestt - DEBUG - Receive from parent_transcription_pipe after sendiung transcription request, transcribe_count: 1
2026-09-22 23:41:51.254 - RealTimeSTT: realtimestt - DEBUG - Receive from parent_transcription_pipe after sendiung transcription request, transcribe_count: 1
2026-09-22 23:41:51.362 - RealTimeSTT: realtimestt - DEBUG - Receive from parent_transcription_pipe after sendiung transcription request, transcribe_count: 1
2026-09-22 23:41:51.471 - RealTimeSTT: realtimestt - DEBUG - Receive from parent_transcription_pipe after sendiung transcription request, transcribe_count: 1
2026-09-22 23:41:51.579 - RealTimeSTT: realtimestt - DEBUG - Receive from parent_transcription_pipe after sendiung transcription request, transcribe_count: 1
2026-09-22 23:41:51.687 - RealTimeSTT: realtimestt - DEBUG - Receive from parent_transcription_pipe after sendiung transcription request, transcribe_count: 1
2026-09-22 23:41:51.797 - RealTimeSTT: realtimestt - DEBUG - Receive from parent_transcription_pipe after sendiung transcription request, transcribe_count: 1
2026-09-22 23:41:51.905 - RealTimeSTT: realtimestt - DEBUG - Receive from parent_transcription_pipe after sendiung transcription request, transcribe_count: 1
2026-09-22 23:41:52.016 - RealTimeSTT: realtimestt - DEBUG - Receive from parent_transcription_pipe after sendiung transcription request, transcribe_count: 1
2026-09-22 23:41:52.125 - RealTimeSTT: realtimestt - DEBUG - Receive from parent_transcription_pipe after sendiung transcription request, transcribe_count: 1
2026-09-22 23:41:52.233 - RealTimeSTT: realtimestt - DEBUG - Receive from parent_transcription_pipe after sendiung transcription request, transcribe_count: 1
2026-09-22 23:41:52.343 - RealTimeSTT: realtimestt - DEBUG - Receive from parent_transcription_pipe after sendiung transcription request, transcribe_count: 1
2026-09-22 23:41:52.453 - RealTimeSTT: realtimestt - DEBUG - Receive from parent_transcription_pipe after sendiung transcription request, transcribe_count: 1
2026-09-22 23:41:52.560 - RealTimeSTT: realtimestt - DEBUG - Receive from parent_transcription_pipe after sendiung transcription request, transcribe_count: 1
2026-09-22 23:41:52.669 - RealTimeSTT: realtimestt - DEBUG - Receive from parent_transcription_pipe after sendiung transcription request, transcribe_count: 1
2026-09-22 23:41:52.777 - RealTimeSTT: realtimestt - DEBUG - Receive from parent_transcription_pipe after sendiung transcription request, transcribe_count: 1
2026-09-22 23:41:52.887 - RealTimeSTT: realtimestt - DEBUG - Receive from parent_transcription_pipe after sendiung transcription request, transcribe_count: 1
2026-09-22 23:41:52.995 - RealTimeSTT: realtimestt - DEBUG - Receive from parent_transcription_pipe after sendiung transcription request, transcribe_count: 1
2026-09-22 23:41:53.107 - RealTimeSTT: realtimestt - DEBUG - Receive from parent_transcription_pipe after sendiung transcription request, transcribe_count: 1
2026-09-22 23:41:53.217 - RealTimeSTT: realtimestt - DEBUG - Receive from parent_transcription_pipe after sendiung transcription request, transcribe_count: 1
2026-09-22 23:41:53.326 - RealTimeSTT: realtimestt - DEBUG - Receive from parent_transcription_pipe after sendiung transcription request, transcribe_count: 1
2026-09-22 23:41:53.434 - RealTimeSTT: realtimestt - DEBUG - Receive from parent_transcription_pipe after sendiung transcription request, transcribe_count: 1
2026-09-22 23:41:53.543 - RealTimeSTT: realtimestt - DEBUG - Receive from parent_transcription_pipe after sendiung transcription request, transcribe_count: 1
2026-09-22 23:41:53.651 - RealTimeSTT: realtimestt - DEBUG - Receive from parent_transcription_pipe after sendiung transcription request, transcribe_count: 1
2026-09-22 23:41:53.758 - RealTimeSTT: realtimestt - DEBUG - Receive from parent_transcription_pipe after sendiung transcription request, transcribe_count: 1
2026-09-22 23:41:53.867 - RealTimeSTT: realtimestt - DEBUG - Receive from parent_transcription_pipe after sendiung transcription request, transcribe_count: 1
2026-09-22 23:41:53.976 - RealTimeSTT: realtimestt - DEBUG - Receive from parent_transcription_pipe after sendiung transcription request, transcribe_count: 1
2026-09-22 23:41:54.084 - RealTimeSTT: realtimestt - DEBUG - Receive from parent_transcription_pipe after sendiung transcription request, transcribe_count: 1
2026-09-22 23:41:54.194 - RealTimeSTT: realtimestt - DEBUG - Receive from parent_transcription_pipe after sendiung transcription request, transcribe_count: 1
2026-09-22 23:41:54.303 - RealTimeSTT: realtimestt - DEBUG - Receive from parent_transcription_pipe after sendiung transcription request, transcribe_count: 1
2026-09-22 23:41:54.412 - RealTimeSTT: realtimestt - DEBUG - Receive from parent_transcription_pipe after sendiung transcription request, transcribe_count: 1
2026-09-22 23:41:54.523 - RealTimeSTT: realtimestt - DEBUG - Receive from parent_transcription_pipe after sendiung transcription request, transcribe_count: 1
2026-09-22 23:41:54.632 - RealTimeSTT: realtimestt - DEBUG - Receive from parent_transcription_pipe after sendiung transcription request, transcribe_count: 1
2026-09-22 23:41:54.741 - RealTimeSTT: realtimestt - DEBUG - Receive from parent_transcription_pipe after sendiung transcription request, transcribe_count: 1
2026-09-22 23:41:54.849 - RealTimeSTT: realtimestt - DEBUG - Receive from parent_transcription_pipe after sendiung transcription request, transcribe_count: 1
2026-09-22 23:41:54.958 - RealTimeSTT: realtimestt - DEBUG - Receive from parent_transcription_pipe after sendiung transcription request, transcribe_count: 1
2026-09-22 23:41:55.070 - RealTimeSTT: realtimestt - DEBUG - Receive from parent_transcription_pipe after sendiung transcription request, transcribe_count: 1
2026-09-22 23:41:55.177 - RealTimeSTT: realtimestt - DEBUG - Receive from parent_transcription_pipe after sendiung transcription request, transcribe_count: 1
2026-09-22 23:41:55.285 - RealTimeSTT: realtimestt - DEBUG - Receive from parent_transcription_pipe after sendiung transcription request, transcribe_count: 1
2026-09-22 23:41:55.396 - RealTimeSTT: realtimestt - DEBUG - Receive from parent_transcription_pipe after sendiung transcription request, transcribe_count: 1
2026-09-22 23:41:55.504 - RealTimeSTT: realtimestt - DEBUG - Receive from parent_transcription_pipe after sendiung transcription request, transcribe_count: 1
2026-09-22 23:41:55.613 - RealTimeSTT: realtimestt - DEBUG - Receive from parent_transcription_pipe after sendiung transcription request, transcribe_count: 1
2026-09-22 23:41:55.723 - RealTimeSTT: realtimestt - DEBUG - Receive from parent_transcription_pipe after sendiung transcription request, transcribe_count: 1
2026-09-22 23:41:55.832 - RealTimeSTT: realtimestt - DEBUG - Receive from parent_transcription_pipe after sendiung transcription request, transcribe_count: 1
2026-09-22 23:41:55.939 - RealTimeSTT: realtimestt - DEBUG - Receive from parent_transcription_pipe after sendiung transcription request, transcribe_count: 1
2026-09-22 23:41:56.047 - RealTimeSTT: realtimestt - DEBUG - Receive from parent_transcription_pipe after sendiung transcription request, transcribe_count: 1
2026-09-22 23:41:56.156 - RealTimeSTT: realtimestt - DEBUG - Receive from parent_transcription_pipe after sendiung transcription request, transcribe_count: 1
2026-09-22 23:41:56.263 - RealTimeSTT: realtimestt - DEBUG - Receive from parent_transcription_pipe after sendiung transcription request, transcribe_count: 1
2026-09-22 23:41:56.372 - RealTimeSTT: realtimestt - DEBUG - Receive from parent_transcription_pipe after sendiung transcription request, transcribe_count: 1
2026-09-22 23:41:56.481 - RealTimeSTT: realtimestt - DEBUG - Receive from parent_transcription_pipe after sendiung transcription request, transcribe_count: 1
2026-09-22 23:41:56.589 - RealTimeSTT: realtimestt - DEBUG - Receive from parent_transcription_pipe after sendiung transcription request, transcribe_count: 1
2026-09-22 23:41:56.699 - RealTimeSTT: realtimestt - DEBUG - Receive from parent_transcription_pipe after sendiung transcription request, transcribe_count: 1
2026-09-22 23:41:56.807 - RealTimeSTT: realtimestt - DEBUG - Receive from parent_transcription_pipe after sendiung transcription request, transcribe_count: 1
2026-09-22 23:41:56.917 - RealTimeSTT: realtimestt - DEBUG - Receive from parent_transcription_pipe after sendiung transcription request, transcribe_count: 1
2026-09-22 23:41:57.025 - RealTimeSTT: realtimestt - DEBUG - Receive from parent_transcription_pipe after sendiung transcription request, transcribe_count: 1
2026-09-22 23:41:57.133 - RealTimeSTT: realtimestt - DEBUG - Receive from parent_transcription_pipe after sendiung transcription request, transcribe_count: 1
2026-09-22 23:41:57.241 - RealTimeSTT: realtimestt - DEBUG - Receive from parent_transcription_pipe after sendiung transcription request, transcribe_count: 1
2026-09-22 23:41:57.350 - RealTimeSTT: realtimestt - DEBUG - Receive from parent_transcription_pipe after sendiung transcription request, transcribe_count: 1
2026-09-22 23:41:57.459 - RealTimeSTT: realtimestt - DEBUG - Receive from parent_transcription_pipe after sendiung transcription request, transcribe_count: 1
2026-09-22 23:41:57.568 - RealTimeSTT: realtimestt - DEBUG - Receive from parent_transcription_pipe after sendiung transcription request, transcribe_count: 1
2026-09-22 23:41:57.674 - RealTimeSTT: realtimestt - DEBUG - Receive from parent_transcription_pipe after sendiung transcription request, transcribe_count: 1
2026-09-22 23:41:57.783 - RealTimeSTT: realtimestt - DEBUG - Receive from parent_transcription_pipe after sendiung transcription request, transcribe_count: 1
2026-09-22 23:41:57.891 - RealTimeSTT: realtimestt - DEBUG - Receive from parent_transcription_pipe after sendiung transcription request, transcribe_count: 1
2026-09-22 23:41:58.001 - RealTimeSTT: realtimestt - DEBUG - Receive from parent_transcription_pipe after sendiung transcription request, transcribe_count: 1
2026-09-22 23:41:58.110 - RealTimeSTT: realtimestt - DEBUG - Receive from parent_transcription_pipe after sendiung transcription request, transcribe_count: 1
2026-09-22 23:41:58.219 - RealTimeSTT: realtimestt - DEBUG - Receive from parent_transcription_pipe after sendiung transcription request, transcribe_count: 1
2026-09-22 23:41:58.326 - RealTimeSTT: realtimestt - DEBUG - Receive from parent_transcription_pipe after sendiung transcription request, transcribe_count: 1
2026-09-22 23:41:58.434 - RealTimeSTT: realtimestt - DEBUG - Receive from parent_transcription_pipe after sendiung transcription request, transcribe_count: 1
2026-09-22 23:41:58.542 - RealTimeSTT: realtimestt - DEBUG - Receive from parent_transcription_pipe after sendiung transcription request, transcribe_count: 1
2026-09-22 23:41:58.651 - RealTimeSTT: realtimestt - DEBUG - Receive from parent_transcription_pipe after sendiung transcription request, transcribe_count: 1
2026-09-22 23:41:58.760 - RealTimeSTT: realtimestt - DEBUG - Receive from parent_transcription_pipe after sendiung transcription request, transcribe_count: 1
2026-09-22 23:41:58.779 - RealTimeSTT: realtimestt - INFO - voice activity detected
2026-09-22 23:41:58.779 - RealTimeSTT: realtimestt - INFO - recording started
2026-09-22 23:41:58.870 - RealTimeSTT: realtimestt - DEBUG - Receive from parent_transcription_pipe after sendiung transcription request, transcribe_count: 1
2026-09-22 23:41:58.978 - RealTimeSTT: realtimestt - DEBUG - Receive from parent_transcription_pipe after sendiung transcription request, transcribe_count: 1
2026-09-22 23:41:59.086 - RealTimeSTT: realtimestt - DEBUG - Receive from parent_transcription_pipe after sendiung transcription request, transcribe_count: 1
2026-09-22 23:41:59.194 - RealTimeSTT: realtimestt - DEBUG - Receive from parent_transcription_pipe after sendiung transcription request, transcribe_count: 1
2026-09-22 23:41:59.302 - RealTimeSTT: realtimestt - DEBUG - Receive from parent_transcription_pipe after sendiung transcription request, transcribe_count: 1
2026-09-22 23:41:59.413 - RealTimeSTT: realtimestt - DEBUG - Receive from parent_transcription_pipe after sendiung transcription request, transcribe_count: 1
2026-09-22 23:41:59.522 - RealTimeSTT: realtimestt - DEBUG - Receive from parent_transcription_pipe after sendiung transcription request, transcribe_count: 1
2026-09-22 23:41:59.629 - RealTimeSTT: realtimestt - DEBUG - Receive from parent_transcription_pipe after sendiung transcription request, transcribe_count: 1
2026-09-22 23:41:59.737 - RealTimeSTT: realtimestt - DEBUG - Receive from parent_transcription_pipe after sendiung transcription request, transcribe_count: 1
2026-09-22 23:41:59.845 - RealTimeSTT: realtimestt - DEBUG - Receive from parent_transcription_pipe after sendiung transcription request, transcribe_count: 1
2026-09-22 23:41:59.956 - RealTimeSTT: realtimestt - DEBUG - Receive from parent_transcription_pipe after sendiung transcription request, transcribe_count: 1
2026-09-22 23:42:00.065 - RealTimeSTT: realtimestt - DEBUG - Receive from parent_transcription_pipe after sendiung transcription request, transcribe_count: 1
2026-09-22 23:42:00.174 - RealTimeSTT: realtimestt - DEBUG - Receive from parent_transcription_pipe after sendiung transcription request, transcribe_count: 1
2026-09-22 23:42:00.282 - RealTimeSTT: realtimestt - DEBUG - Receive from parent_transcription_pipe after sendiung transcription request, transcribe_count: 1
2026-09-22 23:42:00.391 - RealTimeSTT: realtimestt - DEBUG - Receive from parent_transcription_pipe after sendiung transcription request, transcribe_count: 1
2026-09-22 23:42:00.499 - RealTimeSTT: realtimestt - DEBUG - Receive from parent_transcription_pipe after sendiung transcription request, transcribe_count: 1
2026-09-22 23:42:00.608 - RealTimeSTT: realtimestt - DEBUG - Receive from parent_transcription_pipe after sendiung transcription request, transcribe_count: 1
2026-09-22 23:42:00.717 - RealTimeSTT: realtimestt - DEBUG - Receive from parent_transcription_pipe after sendiung transcription request, transcribe_count: 1
2026-09-22 23:42:00.826 - RealTimeSTT: realtimestt - DEBUG - Receive from parent_transcription_pipe after sendiung transcription request, transcribe_count: 1
2026-09-22 23:42:00.935 - RealTimeSTT: realtimestt - DEBUG - Receive from parent_transcription_pipe after sendiung transcription request, transcribe_count: 1
2026-09-22 23:42:01.045 - RealTimeSTT: realtimestt - DEBUG - Receive from parent_transcription_pipe after sendiung transcription request, transcribe_count: 1
2026-09-22 23:42:01.153 - RealTimeSTT: realtimestt - DEBUG - Receive from parent_transcription_pipe after sendiung transcription request, transcribe_count: 1
2026-09-22 23:42:01.263 - RealTimeSTT: realtimestt - DEBUG - Receive from parent_transcription_pipe after sendiung transcription request, transcribe_count: 1
2026-09-22 23:42:01.372 - RealTimeSTT: realtimestt - DEBUG - Receive from parent_transcription_pipe after sendiung transcription request, transcribe_count: 1
2026-09-22 23:42:01.479 - RealTimeSTT: realtimestt - DEBUG - Receive from parent_transcription_pipe after sendiung transcription request, transcribe_count: 1
2026-09-22 23:42:01.587 - RealTimeSTT: realtimestt - DEBUG - Receive from parent_transcription_pipe after sendiung transcription request, transcribe_count: 1
2026-09-22 23:42:01.694 - RealTimeSTT: realtimestt - DEBUG - Receive from parent_transcription_pipe after sendiung transcription request, transcribe_count: 1
2026-09-22 23:42:01.803 - RealTimeSTT: realtimestt - DEBUG - Receive from parent_transcription_pipe after sendiung transcription request, transcribe_count: 1
2026-09-22 23:42:01.910 - RealTimeSTT: realtimestt - DEBUG - Receive from parent_transcription_pipe after sendiung transcription request, transcribe_count: 1
2026-09-22 23:42:02.019 - RealTimeSTT: realtimestt - DEBUG - Receive from parent_transcription_pipe after sendiung transcription request, transcribe_count: 1
2026-09-22 23:42:02.129 - RealTimeSTT: realtimestt - DEBUG - Receive from parent_transcription_pipe after sendiung transcription request, transcribe_count: 1
2026-09-22 23:42:02.238 - RealTimeSTT: realtimestt - DEBUG - Receive from parent_transcription_pipe after sendiung transcription request, transcribe_count: 1
2026-09-22 23:42:02.346 - RealTimeSTT: realtimestt - DEBUG - Receive from parent_transcription_pipe after sendiung transcription request, transcribe_count: 1
2026-09-22 23:42:02.455 - RealTimeSTT: realtimestt - DEBUG - Receive from parent_transcription_pipe after sendiung transcription request, transcribe_count: 1
2026-09-22 23:42:02.562 - RealTimeSTT: realtimestt - DEBUG - Receive from parent_transcription_pipe after sendiung transcription request, transcribe_count: 1
2026-09-22 23:42:02.671 - RealTimeSTT: realtimestt - DEBUG - Receive from parent_transcription_pipe after sendiung transcription request, transcribe_count: 1
2026-09-22 23:42:02.780 - RealTimeSTT: realtimestt - DEBUG - Receive from parent_transcription_pipe after sendiung transcription request, transcribe_count: 1
2026-09-22 23:42:02.888 - RealTimeSTT: realtimestt - DEBUG - Receive from parent_transcription_pipe after sendiung transcription request, transcribe_count: 1
2026-09-22 23:42:02.998 - RealTimeSTT: realtimestt - DEBUG - Receive from parent_transcription_pipe after sendiung transcription request, transcribe_count: 1
2026-09-22 23:42:03.106 - RealTimeSTT: realtimestt - DEBUG - Receive from parent_transcription_pipe after sendiung transcription request, transcribe_count: 1
2026-09-22 23:42:03.215 - RealTimeSTT: realtimestt - DEBUG - Receive from parent_transcription_pipe after sendiung transcription request, transcribe_count: 1
2026-09-22 23:42:03.324 - RealTimeSTT: realtimestt - DEBUG - Receive from parent_transcription_pipe after sendiung transcription request, transcribe_count: 1
2026-09-22 23:42:03.434 - RealTimeSTT: realtimestt - DEBUG - Receive from parent_transcription_pipe after sendiung transcription request, transcribe_count: 1
2026-09-22 23:42:03.541 - RealTimeSTT: realtimestt - DEBUG - Receive from parent_transcription_pipe after sendiung transcription request, transcribe_count: 1
2026-09-22 23:42:03.649 - RealTimeSTT: realtimestt - DEBUG - Receive from parent_transcription_pipe after sendiung transcription request, transcribe_count: 1
2026-09-22 23:42:03.757 - RealTimeSTT: realtimestt - DEBUG - Receive from parent_transcription_pipe after sendiung transcription request, transcribe_count: 1
2026-09-22 23:42:03.865 - RealTimeSTT: realtimestt - DEBUG - Receive from parent_transcription_pipe after sendiung transcription request, transcribe_count: 1
2026-09-22 23:42:03.973 - RealTimeSTT: realtimestt - DEBUG - Receive from parent_transcription_pipe after sendiung transcription request, transcribe_count: 1
2026-09-22 23:42:04.082 - RealTimeSTT: realtimestt - DEBUG - Receive from parent_transcription_pipe after sendiung transcription request, transcribe_count: 1
2026-09-22 23:42:04.192 - RealTimeSTT: realtimestt - DEBUG - Receive from parent_transcription_pipe after sendiung transcription request, transcribe_count: 1
2026-09-22 23:42:04.301 - RealTimeSTT: realtimestt - DEBUG - Receive from parent_transcription_pipe after sendiung transcription request, transcribe_count: 1
2026-09-22 23:42:04.410 - RealTimeSTT: realtimestt - DEBUG - Receive from parent_transcription_pipe after sendiung transcription request, transcribe_count: 1
2026-09-22 23:42:04.518 - RealTimeSTT: realtimestt - DEBUG - Receive from parent_transcription_pipe after sendiung transcription request, transcribe_count: 1
2026-09-22 23:42:04.628 - RealTimeSTT: realtimestt - DEBUG - Receive from parent_transcription_pipe after sendiung transcription request, transcribe_count: 1
2026-09-22 23:42:04.737 - RealTimeSTT: realtimestt - DEBUG - Receive from parent_transcription_pipe after sendiung transcription request, transcribe_count: 1
2026-09-22 23:42:04.845 - RealTimeSTT: realtimestt - DEBUG - Receive from parent_transcription_pipe after sendiung transcription request, transcribe_count: 1
2026-09-22 23:42:04.954 - RealTimeSTT: realtimestt - DEBUG - Receive from parent_transcription_pipe after sendiung transcription request, transcribe_count: 1
2026-09-22 23:42:05.063 - RealTimeSTT: realtimestt - DEBUG - Receive from parent_transcription_pipe after sendiung transcription request, transcribe_count: 1
2026-09-22 23:42:05.172 - RealTimeSTT: realtimestt - DEBUG - Receive from parent_transcription_pipe after sendiung transcription request, transcribe_count: 1
2026-09-22 23:42:05.281 - RealTimeSTT: realtimestt - DEBUG - Receive from parent_transcription_pipe after sendiung transcription request, transcribe_count: 1
2026-09-22 23:42:05.390 - RealTimeSTT: realtimestt - DEBUG - Receive from parent_transcription_pipe after sendiung transcription request, transcribe_count: 1
2026-09-22 23:42:05.499 - RealTimeSTT: realtimestt - DEBUG - Receive from parent_transcription_pipe after sendiung transcription request, transcribe_count: 1
2026-09-22 23:42:05.607 - RealTimeSTT: realtimestt - DEBUG - Receive from parent_transcription_pipe after sendiung transcription request, transcribe_count: 1
2026-09-22 23:42:05.717 - RealTimeSTT: realtimestt - DEBUG - Receive from parent_transcription_pipe after sendiung transcription request, transcribe_count: 1
2026-09-22 23:42:05.825 - RealTimeSTT: realtimestt - DEBUG - Receive from parent_transcription_pipe after sendiung transcription request, transcribe_count: 1
2026-09-22 23:42:05.934 - RealTimeSTT: realtimestt - DEBUG - Receive from parent_transcription_pipe after sendiung transcription request, transcribe_count: 1
2026-09-22 23:42:06.043 - RealTimeSTT: realtimestt - DEBUG - Receive from parent_transcription_pipe after sendiung transcription request, transcribe_count: 1
2026-09-22 23:42:06.152 - RealTimeSTT: realtimestt - DEBUG - Receive from parent_transcription_pipe after sendiung transcription request, transcribe_count: 1
2026-09-22 23:42:06.261 - RealTimeSTT: realtimestt - DEBUG - Receive from parent_transcription_pipe after sendiung transcription request, transcribe_count: 1
2026-09-22 23:42:06.369 - RealTimeSTT: realtimestt - DEBUG - Receive from parent_transcription_pipe after sendiung transcription request, transcribe_count: 1
2026-09-22 23:42:06.477 - RealTimeSTT: realtimestt - DEBUG - Receive from parent_transcription_pipe after sendiung transcription request, transcribe_count: 1
2026-09-22 23:42:06.585 - RealTimeSTT: realtimestt - DEBUG - Receive from parent_transcription_pipe after sendiung transcription request, transcribe_count: 1
2026-09-22 23:42:06.695 - RealTimeSTT: realtimestt - DEBUG - Receive from parent_transcription_pipe after sendiung transcription request, transcribe_count: 1
2026-09-22 23:42:06.803 - RealTimeSTT: realtimestt - DEBUG - Receive from parent_transcription_pipe after sendiung transcription request, transcribe_count: 1
2026-09-22 23:42:06.909 - RealTimeSTT: realtimestt - DEBUG - Receive from parent_transcription_pipe after sendiung transcription request, transcribe_count: 1
2026-09-22 23:42:07.019 - RealTimeSTT: realtimestt - DEBUG - Receive from parent_transcription_pipe after sendiung transcription request, transcribe_count: 1
2026-09-22 23:42:07.127 - RealTimeSTT: realtimestt - DEBUG - Receive from parent_transcription_pipe after sendiung transcription request, transcribe_count: 1
2026-09-22 23:42:07.237 - RealTimeSTT: realtimestt - DEBUG - Receive from parent_transcription_pipe after sendiung transcription request, transcribe_count: 1
2026-09-22 23:42:07.345 - RealTimeSTT: realtimestt - DEBUG - Receive from parent_transcription_pipe after sendiung transcription request, transcribe_count: 1
2026-09-22 23:42:07.455 - RealTimeSTT: realtimestt - DEBUG - Receive from parent_transcription_pipe after sendiung transcription request, transcribe_count: 1
2026-09-22 23:42:07.563 - RealTimeSTT: realtimestt - DEBUG - Receive from parent_transcription_pipe after sendiung transcription request, transcribe_count: 1
2026-09-22 23:42:07.669 - RealTimeSTT: realtimestt - DEBUG - Receive from parent_transcription_pipe after sendiung transcription request, transcribe_count: 1
2026-09-22 23:42:07.777 - RealTimeSTT: realtimestt - DEBUG - Receive from parent_transcription_pipe after sendiung transcription request, transcribe_count: 1
2026-09-22 23:42:07.885 - RealTimeSTT: realtimestt - DEBUG - Receive from parent_transcription_pipe after sendiung transcription request, transcribe_count: 1
2026-09-22 23:42:07.992 - RealTimeSTT: realtimestt - DEBUG - Receive from parent_transcription_pipe after sendiung transcription request, transcribe_count: 1
2026-09-22 23:42:08.102 - RealTimeSTT: realtimestt - DEBUG - Receive from parent_transcription_pipe after sendiung transcription request, transcribe_count: 1
2026-09-22 23:42:08.210 - RealTimeSTT: realtimestt - DEBUG - Receive from parent_transcription_pipe after sendiung transcription request, transcribe_count: 1
2026-09-22 23:42:08.319 - RealTimeSTT: realtimestt - DEBUG - Receive from parent_transcription_pipe after sendiung transcription request, transcribe_count: 1
2026-09-22 23:42:08.427 - RealTimeSTT: realtimestt - DEBUG - Receive from parent_transcription_pipe after sendiung transcription request, transcribe_count: 1
2026-09-22 23:42:08.536 - RealTimeSTT: realtimestt - DEBUG - Receive from parent_transcription_pipe after sendiung transcription request, transcribe_count: 1
2026-09-22 23:42:08.643 - RealTimeSTT: realtimestt - DEBUG - Receive from parent_transcription_pipe after sendiung transcription request, transcribe_count: 1
2026-09-22 23:42:08.750 - RealTimeSTT: realtimestt - DEBUG - Receive from parent_transcription_pipe after sendiung transcription request, transcribe_count: 1
2026-09-22 23:42:08.863 - RealTimeSTT: realtimestt - DEBUG - Receive from parent_transcription_pipe after sendiung transcription request, transcribe_count: 1
2026-09-22 23:42:08.972 - RealTimeSTT: realtimestt - DEBUG - Receive from parent_transcription_pipe after sendiung transcription request, transcribe_count: 1
2026-09-22 23:42:09.082 - RealTimeSTT: realtimestt - DEBUG - Receive from parent_transcription_pipe after sendiung transcription request, transcribe_count: 1
2026-09-22 23:42:09.189 - RealTimeSTT: realtimestt - DEBUG - Receive from parent_transcription_pipe after sendiung transcription request, transcribe_count: 1
2026-09-22 23:42:09.300 - RealTimeSTT: realtimestt - DEBUG - Receive from parent_transcription_pipe after sendiung transcription request, transcribe_count: 1
2026-09-22 23:42:09.407 - RealTimeSTT: realtimestt - DEBUG - Receive from parent_transcription_pipe after sendiung transcription request, transcribe_count: 1
2026-09-22 23:42:09.515 - RealTimeSTT: realtimestt - DEBUG - Receive from parent_transcription_pipe after sendiung transcription request, transcribe_count: 1
2026-09-22 23:42:09.623 - RealTimeSTT: realtimestt - DEBUG - Receive from parent_transcription_pipe after sendiung transcription request, transcribe_count: 1
2026-09-22 23:42:09.733 - RealTimeSTT: realtimestt - DEBUG - Receive from parent_transcription_pipe after sendiung transcription request, transcribe_count: 1
2026-09-22 23:42:09.841 - RealTimeSTT: realtimestt - DEBUG - Receive from parent_transcription_pipe after sendiung transcription request, transcribe_count: 1
2026-09-22 23:42:09.951 - RealTimeSTT: realtimestt - DEBUG - Receive from parent_transcription_pipe after sendiung transcription request, transcribe_count: 1
2026-09-22 23:42:10.033 - RealTimeSTT: realtimestt - DEBUG - Model small completed transcription in 39.03 seconds
2026-09-22 23:42:10.854 - RealTimeSTT: realtimestt - INFO - Setting listen time
2026-09-22 23:42:10.854 - RealTimeSTT: realtimestt - DEBUG - No samples removed, final audio length: 143872
2026-09-22 23:42:10.854 - RealTimeSTT: realtimestt - INFO - State changed from 'recording' to 'transcribing'
2026-09-22 23:42:10.854 - RealTimeSTT: realtimestt - DEBUG - Adding transcription request, no early transcription started
2026-09-22 23:42:10.861 - RealTimeSTT: realtimestt - DEBUG - Receive from parent_transcription_pipe after sendiung transcription request, transcribe_count: 1
2026-09-22 23:42:10.964 - RealTimeSTT: realtimestt - DEBUG - Receive from parent_transcription_pipe after sendiung transcription request, transcribe_count: 1
2026-09-22 23:42:11.075 - RealTimeSTT: realtimestt - DEBUG - Receive from parent_transcription_pipe after sendiung transcription request, transcribe_count: 1
2026-09-22 23:42:11.183 - RealTimeSTT: realtimestt - DEBUG - Receive from parent_transcription_pipe after sendiung transcription request, transcribe_count: 1
2026-09-22 23:42:11.291 - RealTimeSTT: realtimestt - DEBUG - Receive from parent_transcription_pipe after sendiung transcription request, transcribe_count: 1
2026-09-22 23:42:11.399 - RealTimeSTT: realtimestt - DEBUG - Receive from parent_transcription_pipe after sendiung transcription request, transcribe_count: 1
2026-09-22 23:42:11.510 - RealTimeSTT: realtimestt - DEBUG - Receive from parent_transcription_pipe after sendiung transcription request, transcribe_count: 1
2026-09-22 23:42:11.617 - RealTimeSTT: realtimestt - DEBUG - Receive from parent_transcription_pipe after sendiung transcription request, transcribe_count: 1
2026-09-22 23:42:11.726 - RealTimeSTT: realtimestt - DEBUG - Receive from parent_transcription_pipe after sendiung transcription request, transcribe_count: 1
2026-09-22 23:42:11.834 - RealTimeSTT: realtimestt - DEBUG - Receive from parent_transcription_pipe after sendiung transcription request, transcribe_count: 1
2026-09-22 23:42:11.942 - RealTimeSTT: realtimestt - DEBUG - Receive from parent_transcription_pipe after sendiung transcription request, transcribe_count: 1
2026-09-22 23:42:12.051 - RealTimeSTT: realtimestt - DEBUG - Receive from parent_transcription_pipe after sendiung transcription request, transcribe_count: 1
2026-09-22 23:42:12.160 - RealTimeSTT: realtimestt - DEBUG - Receive from parent_transcription_pipe after sendiung transcription request, transcribe_count: 1
2026-09-22 23:42:12.268 - RealTimeSTT: realtimestt - DEBUG - Receive from parent_transcription_pipe after sendiung transcription request, transcribe_count: 1
2026-09-22 23:42:12.380 - RealTimeSTT: realtimestt - DEBUG - Receive from parent_transcription_pipe after sendiung transcription request, transcribe_count: 1
2026-09-22 23:42:12.489 - RealTimeSTT: realtimestt - DEBUG - Receive from parent_transcription_pipe after sendiung transcription request, transcribe_count: 1
2026-09-22 23:42:12.597 - RealTimeSTT: realtimestt - DEBUG - Receive from parent_transcription_pipe after sendiung transcription request, transcribe_count: 1
2026-09-22 23:42:12.706 - RealTimeSTT: realtimestt - DEBUG - Receive from parent_transcription_pipe after sendiung transcription request, transcribe_count: 1
2026-09-22 23:42:12.814 - RealTimeSTT: realtimestt - DEBUG - Receive from parent_transcription_pipe after sendiung transcription request, transcribe_count: 1
2026-09-22 23:42:12.923 - RealTimeSTT: realtimestt - DEBUG - Receive from parent_transcription_pipe after sendiung transcription request, transcribe_count: 1
2026-09-22 23:42:13.034 - RealTimeSTT: realtimestt - DEBUG - Receive from parent_transcription_pipe after sendiung transcription request, transcribe_count: 1
2026-09-22 23:42:13.141 - RealTimeSTT: realtimestt - DEBUG - Receive from parent_transcription_pipe after sendiung transcription request, transcribe_count: 1
2026-09-22 23:42:13.176 - RealTimeSTT: realtimestt - INFO - State changed from 'transcribing' to 'recording'
2026-09-22 23:42:13.178 - RealTimeSTT: realtimestt - DEBUG - Model small completed transcription in 2.32 seconds
2026-09-22 23:42:14.003 - RealTimeSTT: realtimestt - INFO - Setting listen time
2026-09-22 23:42:14.003 - RealTimeSTT: realtimestt - DEBUG - Waiting for recording stop
2026-09-22 23:42:17.719 - RealTimeSTT: realtimestt - INFO - recording stopped
2026-09-22 23:42:17.728 - RealTimeSTT: realtimestt - DEBUG - No samples removed, final audio length: 309760
2026-09-22 23:42:17.728 - RealTimeSTT: realtimestt - INFO - State changed from 'recording' to 'inactive'
2026-09-22 23:42:17.728 - RealTimeSTT: realtimestt - INFO - State changed from 'inactive' to 'transcribing'
2026-09-22 23:42:17.728 - RealTimeSTT: realtimestt - DEBUG - Adding transcription request, no early transcription started
2026-09-22 23:42:17.748 - RealTimeSTT: realtimestt - DEBUG - Receive from parent_transcription_pipe after sendiung transcription request, transcribe_count: 1
2026-09-22 23:42:17.852 - RealTimeSTT: realtimestt - DEBUG - Receive from parent_transcription_pipe after sendiung transcription request, transcribe_count: 1
2026-09-22 23:42:17.962 - RealTimeSTT: realtimestt - DEBUG - Receive from parent_transcription_pipe after sendiung transcription request, transcribe_count: 1
2026-09-22 23:42:18.073 - RealTimeSTT: realtimestt - DEBUG - Receive from parent_transcription_pipe after sendiung transcription request, transcribe_count: 1
2026-09-22 23:42:18.181 - RealTimeSTT: realtimestt - DEBUG - Receive from parent_transcription_pipe after sendiung transcription request, transcribe_count: 1
2026-09-22 23:42:18.289 - RealTimeSTT: realtimestt - DEBUG - Receive from parent_transcription_pipe after sendiung transcription request, transcribe_count: 1
2026-09-22 23:42:18.397 - RealTimeSTT: realtimestt - DEBUG - Receive from parent_transcription_pipe after sendiung transcription request, transcribe_count: 1
2026-09-22 23:42:18.505 - RealTimeSTT: realtimestt - DEBUG - Receive from parent_transcription_pipe after sendiung transcription request, transcribe_count: 1
2026-09-22 23:42:18.614 - RealTimeSTT: realtimestt - DEBUG - Receive from parent_transcription_pipe after sendiung transcription request, transcribe_count: 1
2026-09-22 23:42:18.723 - RealTimeSTT: realtimestt - DEBUG - Receive from parent_transcription_pipe after sendiung transcription request, transcribe_count: 1
2026-09-22 23:42:18.832 - RealTimeSTT: realtimestt - DEBUG - Receive from parent_transcription_pipe after sendiung transcription request, transcribe_count: 1
2026-09-22 23:42:18.940 - RealTimeSTT: realtimestt - DEBUG - Receive from parent_transcription_pipe after sendiung transcription request, transcribe_count: 1
2026-09-22 23:42:19.050 - RealTimeSTT: realtimestt - DEBUG - Receive from parent_transcription_pipe after sendiung transcription request, transcribe_count: 1
2026-09-22 23:42:19.159 - RealTimeSTT: realtimestt - DEBUG - Receive from parent_transcription_pipe after sendiung transcription request, transcribe_count: 1
2026-09-22 23:42:19.270 - RealTimeSTT: realtimestt - DEBUG - Receive from parent_transcription_pipe after sendiung transcription request, transcribe_count: 1
2026-09-22 23:42:19.378 - RealTimeSTT: realtimestt - DEBUG - Receive from parent_transcription_pipe after sendiung transcription request, transcribe_count: 1
2026-09-22 23:42:19.484 - RealTimeSTT: realtimestt - DEBUG - Receive from parent_transcription_pipe after sendiung transcription request, transcribe_count: 1
2026-09-22 23:42:19.594 - RealTimeSTT: realtimestt - DEBUG - Receive from parent_transcription_pipe after sendiung transcription request, transcribe_count: 1
2026-09-22 23:42:19.703 - RealTimeSTT: realtimestt - DEBUG - Receive from parent_transcription_pipe after sendiung transcription request, transcribe_count: 1
2026-09-22 23:42:19.812 - RealTimeSTT: realtimestt - DEBUG - Receive from parent_transcription_pipe after sendiung transcription request, transcribe_count: 1
2026-09-22 23:42:19.922 - RealTimeSTT: realtimestt - DEBUG - Receive from parent_transcription_pipe after sendiung transcription request, transcribe_count: 1
2026-09-22 23:42:20.031 - RealTimeSTT: realtimestt - DEBUG - Receive from parent_transcription_pipe after sendiung transcription request, transcribe_count: 1
2026-09-22 23:42:20.141 - RealTimeSTT: realtimestt - DEBUG - Receive from parent_transcription_pipe after sendiung transcription request, transcribe_count: 1
2026-09-22 23:42:20.253 - RealTimeSTT: realtimestt - DEBUG - Receive from parent_transcription_pipe after sendiung transcription request, transcribe_count: 1
2026-09-22 23:42:20.357 - RealTimeSTT: realtimestt - INFO - State changed from 'transcribing' to 'inactive'
2026-09-22 23:42:20.361 - RealTimeSTT: realtimestt - DEBUG - Model small completed transcription in 2.63 seconds
2026-09-22 23:42:20.599 - RealTimeSTT: realtimestt - INFO - voice activity detected
2026-09-22 23:42:20.599 - RealTimeSTT: realtimestt - INFO - recording started
2026-09-22 23:42:20.599 - RealTimeSTT: realtimestt - INFO - State changed from 'inactive' to 'recording'
2026-09-22 23:42:22.251 - RealTimeSTT: realtimestt - INFO - Setting listen time
2026-09-22 23:42:22.252 - RealTimeSTT: realtimestt - DEBUG - Waiting for recording stop
2026-09-22 23:42:23.159 - RealTimeSTT: realtimestt - INFO - recording stopped
2026-09-22 23:42:23.162 - RealTimeSTT: realtimestt - DEBUG - No samples removed, final audio length: 47616
2026-09-22 23:42:23.162 - RealTimeSTT: realtimestt - INFO - State changed from 'recording' to 'inactive'
2026-09-22 23:42:23.162 - RealTimeSTT: realtimestt - INFO - State changed from 'inactive' to 'transcribing'
2026-09-22 23:42:23.162 - RealTimeSTT: realtimestt - DEBUG - Adding transcription request, no early transcription started
2026-09-22 23:42:23.163 - RealTimeSTT: realtimestt - DEBUG - Receive from parent_transcription_pipe after sendiung transcription request, transcribe_count: 1
2026-09-22 23:42:23.265 - RealTimeSTT: realtimestt - DEBUG - Receive from parent_transcription_pipe after sendiung transcription request, transcribe_count: 1
2026-09-22 23:42:23.375 - RealTimeSTT: realtimestt - DEBUG - Receive from parent_transcription_pipe after sendiung transcription request, transcribe_count: 1
2026-09-22 23:42:23.483 - RealTimeSTT: realtimestt - DEBUG - Receive from parent_transcription_pipe after sendiung transcription request, transcribe_count: 1
2026-09-22 23:42:23.591 - RealTimeSTT: realtimestt - DEBUG - Receive from parent_transcription_pipe after sendiung transcription request, transcribe_count: 1
2026-09-22 23:42:23.700 - RealTimeSTT: realtimestt - DEBUG - Receive from parent_transcription_pipe after sendiung transcription request, transcribe_count: 1
2026-09-22 23:42:23.808 - RealTimeSTT: realtimestt - DEBUG - Receive from parent_transcription_pipe after sendiung transcription request, transcribe_count: 1
2026-09-22 23:42:23.916 - RealTimeSTT: realtimestt - DEBUG - Receive from parent_transcription_pipe after sendiung transcription request, transcribe_count: 1
2026-09-22 23:42:24.025 - RealTimeSTT: realtimestt - DEBUG - Receive from parent_transcription_pipe after sendiung transcription request, transcribe_count: 1
2026-09-22 23:42:24.134 - RealTimeSTT: realtimestt - DEBUG - Receive from parent_transcription_pipe after sendiung transcription request, transcribe_count: 1
2026-09-22 23:42:24.242 - RealTimeSTT: realtimestt - DEBUG - Receive from parent_transcription_pipe after sendiung transcription request, transcribe_count: 1
2026-09-22 23:42:24.350 - RealTimeSTT: realtimestt - DEBUG - Receive from parent_transcription_pipe after sendiung transcription request, transcribe_count: 1
2026-09-22 23:42:24.459 - RealTimeSTT: realtimestt - DEBUG - Receive from parent_transcription_pipe after sendiung transcription request, transcribe_count: 1
2026-09-22 23:42:24.569 - RealTimeSTT: realtimestt - DEBUG - Receive from parent_transcription_pipe after sendiung transcription request, transcribe_count: 1
2026-09-22 23:42:24.678 - RealTimeSTT: realtimestt - DEBUG - Receive from parent_transcription_pipe after sendiung transcription request, transcribe_count: 1
2026-09-22 23:42:24.788 - RealTimeSTT: realtimestt - DEBUG - Receive from parent_transcription_pipe after sendiung transcription request, transcribe_count: 1
2026-09-22 23:42:24.897 - RealTimeSTT: realtimestt - DEBUG - Receive from parent_transcription_pipe after sendiung transcription request, transcribe_count: 1
2026-09-22 23:42:25.006 - RealTimeSTT: realtimestt - DEBUG - Receive from parent_transcription_pipe after sendiung transcription request, transcribe_count: 1
2026-09-22 23:42:25.115 - RealTimeSTT: realtimestt - DEBUG - Receive from parent_transcription_pipe after sendiung transcription request, transcribe_count: 1
2026-09-22 23:42:25.225 - RealTimeSTT: realtimestt - DEBUG - Receive from parent_transcription_pipe after sendiung transcription request, transcribe_count: 1
2026-09-22 23:42:25.334 - RealTimeSTT: realtimestt - DEBUG - Receive from parent_transcription_pipe after sendiung transcription request, transcribe_count: 1
2026-09-22 23:42:25.442 - RealTimeSTT: realtimestt - DEBUG - Receive from parent_transcription_pipe after sendiung transcription request, transcribe_count: 1
2026-09-22 23:42:25.536 - RealTimeSTT: realtimestt - INFO - State changed from 'transcribing' to 'inactive'
2026-09-22 23:42:25.537 - RealTimeSTT: realtimestt - DEBUG - Model small completed transcription in 2.38 seconds
2026-09-22 23:42:26.363 - RealTimeSTT: realtimestt - INFO - Setting listen time
2026-09-22 23:42:26.364 - RealTimeSTT: realtimestt - INFO - State changed from 'inactive' to 'listening'
2026-09-22 23:42:26.364 - RealTimeSTT: realtimestt - DEBUG - Waiting for recording start
2026-09-22 23:42:28.408 - RealTimeSTT: realtimestt - INFO - voice activity detected
2026-09-22 23:42:28.408 - RealTimeSTT: realtimestt - INFO - recording started
2026-09-22 23:42:28.408 - RealTimeSTT: realtimestt - INFO - State changed from 'listening' to 'recording'
2026-09-22 23:42:28.409 - RealTimeSTT: realtimestt - DEBUG - Waiting for recording stop
2026-09-22 23:42:32.118 - RealTimeSTT: realtimestt - INFO - recording stopped
2026-09-22 23:42:32.121 - RealTimeSTT: realtimestt - DEBUG - No samples removed, final audio length: 66048
2026-09-22 23:42:32.121 - RealTimeSTT: realtimestt - INFO - State changed from 'recording' to 'inactive'
2026-09-22 23:42:32.121 - RealTimeSTT: realtimestt - INFO - State changed from 'inactive' to 'transcribing'
2026-09-22 23:42:32.122 - RealTimeSTT: realtimestt - DEBUG - Adding transcription request, no early transcription started
2026-09-22 23:42:32.133 - RealTimeSTT: realtimestt - DEBUG - Receive from parent_transcription_pipe after sendiung transcription request, transcribe_count: 1
2026-09-22 23:42:32.235 - RealTimeSTT: realtimestt - DEBUG - Receive from parent_transcription_pipe after sendiung transcription request, transcribe_count: 1
2026-09-22 23:42:32.344 - RealTimeSTT: realtimestt - DEBUG - Receive from parent_transcription_pipe after sendiung transcription request, transcribe_count: 1
2026-09-22 23:42:32.453 - RealTimeSTT: realtimestt - DEBUG - Receive from parent_transcription_pipe after sendiung transcription request, transcribe_count: 1
2026-09-22 23:42:32.564 - RealTimeSTT: realtimestt - DEBUG - Receive from parent_transcription_pipe after sendiung transcription request, transcribe_count: 1
2026-09-22 23:42:32.673 - RealTimeSTT: realtimestt - DEBUG - Receive from parent_transcription_pipe after sendiung transcription request, transcribe_count: 1
2026-09-22 23:42:32.782 - RealTimeSTT: realtimestt - DEBUG - Receive from parent_transcription_pipe after sendiung transcription request, transcribe_count: 1
2026-09-22 23:42:32.890 - RealTimeSTT: realtimestt - DEBUG - Receive from parent_transcription_pipe after sendiung transcription request, transcribe_count: 1
2026-09-22 23:42:32.997 - RealTimeSTT: realtimestt - DEBUG - Receive from parent_transcription_pipe after sendiung transcription request, transcribe_count: 1
2026-09-22 23:42:33.105 - RealTimeSTT: realtimestt - DEBUG - Receive from parent_transcription_pipe after sendiung transcription request, transcribe_count: 1
2026-09-22 23:42:33.214 - RealTimeSTT: realtimestt - DEBUG - Receive from parent_transcription_pipe after sendiung transcription request, transcribe_count: 1
2026-09-22 23:42:33.322 - RealTimeSTT: realtimestt - DEBUG - Receive from parent_transcription_pipe after sendiung transcription request, transcribe_count: 1
2026-09-22 23:42:33.432 - RealTimeSTT: realtimestt - DEBUG - Receive from parent_transcription_pipe after sendiung transcription request, transcribe_count: 1
2026-09-22 23:42:33.541 - RealTimeSTT: realtimestt - DEBUG - Receive from parent_transcription_pipe after sendiung transcription request, transcribe_count: 1
2026-09-22 23:42:33.650 - RealTimeSTT: realtimestt - DEBUG - Receive from parent_transcription_pipe after sendiung transcription request, transcribe_count: 1
2026-09-22 23:42:33.759 - RealTimeSTT: realtimestt - DEBUG - Receive from parent_transcription_pipe after sendiung transcription request, transcribe_count: 1
2026-09-22 23:42:33.867 - RealTimeSTT: realtimestt - DEBUG - Receive from parent_transcription_pipe after sendiung transcription request, transcribe_count: 1
2026-09-22 23:42:33.975 - RealTimeSTT: realtimestt - DEBUG - Receive from parent_transcription_pipe after sendiung transcription request, transcribe_count: 1
2026-09-22 23:42:34.083 - RealTimeSTT: realtimestt - DEBUG - Receive from parent_transcription_pipe after sendiung transcription request, transcribe_count: 1
2026-09-22 23:42:34.192 - RealTimeSTT: realtimestt - DEBUG - Receive from parent_transcription_pipe after sendiung transcription request, transcribe_count: 1
2026-09-22 23:42:34.301 - RealTimeSTT: realtimestt - DEBUG - Receive from parent_transcription_pipe after sendiung transcription request, transcribe_count: 1
2026-09-22 23:42:34.410 - RealTimeSTT: realtimestt - DEBUG - Receive from parent_transcription_pipe after sendiung transcription request, transcribe_count: 1
2026-09-22 23:42:34.519 - RealTimeSTT: realtimestt - DEBUG - Receive from parent_transcription_pipe after sendiung transcription request, transcribe_count: 1
2026-09-22 23:42:34.628 - RealTimeSTT: realtimestt - DEBUG - Receive from parent_transcription_pipe after sendiung transcription request, transcribe_count: 1
2026-09-22 23:42:34.738 - RealTimeSTT: realtimestt - DEBUG - Receive from parent_transcription_pipe after sendiung transcription request, transcribe_count: 1
2026-09-22 23:42:34.845 - RealTimeSTT: realtimestt - DEBUG - Receive from parent_transcription_pipe after sendiung transcription request, transcribe_count: 1
2026-09-22 23:42:34.953 - RealTimeSTT: realtimestt - DEBUG - Receive from parent_transcription_pipe after sendiung transcription request, transcribe_count: 1
2026-09-22 23:42:35.062 - RealTimeSTT: realtimestt - DEBUG - Receive from parent_transcription_pipe after sendiung transcription request, transcribe_count: 1
2026-09-22 23:42:35.173 - RealTimeSTT: realtimestt - DEBUG - Receive from parent_transcription_pipe after sendiung transcription request, transcribe_count: 1
2026-09-22 23:42:35.284 - RealTimeSTT: realtimestt - DEBUG - Receive from parent_transcription_pipe after sendiung transcription request, transcribe_count: 1
2026-09-22 23:42:35.392 - RealTimeSTT: realtimestt - DEBUG - Receive from parent_transcription_pipe after sendiung transcription request, transcribe_count: 1
2026-09-22 23:42:35.501 - RealTimeSTT: realtimestt - DEBUG - Receive from parent_transcription_pipe after sendiung transcription request, transcribe_count: 1
2026-09-22 23:42:35.608 - RealTimeSTT: realtimestt - DEBUG - Receive from parent_transcription_pipe after sendiung transcription request, transcribe_count: 1
2026-09-22 23:42:35.717 - RealTimeSTT: realtimestt - DEBUG - Receive from parent_transcription_pipe after sendiung transcription request, transcribe_count: 1
2026-09-22 23:42:35.828 - RealTimeSTT: realtimestt - DEBUG - Receive from parent_transcription_pipe after sendiung transcription request, transcribe_count: 1
2026-09-22 23:42:35.938 - RealTimeSTT: realtimestt - DEBUG - Receive from parent_transcription_pipe after sendiung transcription request, transcribe_count: 1
2026-09-22 23:42:36.048 - RealTimeSTT: realtimestt - DEBUG - Receive from parent_transcription_pipe after sendiung transcription request, transcribe_count: 1
2026-09-22 23:42:36.156 - RealTimeSTT: realtimestt - DEBUG - Receive from parent_transcription_pipe after sendiung transcription request, transcribe_count: 1
2026-09-22 23:42:36.264 - RealTimeSTT: realtimestt - DEBUG - Receive from parent_transcription_pipe after sendiung transcription request, transcribe_count: 1
2026-09-22 23:42:36.373 - RealTimeSTT: realtimestt - DEBUG - Receive from parent_transcription_pipe after sendiung transcription request, transcribe_count: 1
2026-09-22 23:42:36.484 - RealTimeSTT: realtimestt - DEBUG - Receive from parent_transcription_pipe after sendiung transcription request, transcribe_count: 1
2026-09-22 23:42:36.595 - RealTimeSTT: realtimestt - DEBUG - Receive from parent_transcription_pipe after sendiung transcription request, transcribe_count: 1
2026-09-22 23:42:36.705 - RealTimeSTT: realtimestt - DEBUG - Receive from parent_transcription_pipe after sendiung transcription request, transcribe_count: 1
2026-09-22 23:42:36.813 - RealTimeSTT: realtimestt - DEBUG - Receive from parent_transcription_pipe after sendiung transcription request, transcribe_count: 1
2026-09-22 23:42:36.921 - RealTimeSTT: realtimestt - DEBUG - Receive from parent_transcription_pipe after sendiung transcription request, transcribe_count: 1
2026-09-22 23:42:37.030 - RealTimeSTT: realtimestt - DEBUG - Receive from parent_transcription_pipe after sendiung transcription request, transcribe_count: 1
2026-09-22 23:42:37.140 - RealTimeSTT: realtimestt - DEBUG - Receive from parent_transcription_pipe after sendiung transcription request, transcribe_count: 1
2026-09-22 23:42:37.248 - RealTimeSTT: realtimestt - DEBUG - Receive from parent_transcription_pipe after sendiung transcription request, transcribe_count: 1
2026-09-22 23:42:37.357 - RealTimeSTT: realtimestt - DEBUG - Receive from parent_transcription_pipe after sendiung transcription request, transcribe_count: 1
2026-09-22 23:42:37.465 - RealTimeSTT: realtimestt - DEBUG - Receive from parent_transcription_pipe after sendiung transcription request, transcribe_count: 1
2026-09-22 23:42:37.574 - RealTimeSTT: realtimestt - DEBUG - Receive from parent_transcription_pipe after sendiung transcription request, transcribe_count: 1
2026-09-22 23:42:37.685 - RealTimeSTT: realtimestt - DEBUG - Receive from parent_transcription_pipe after sendiung transcription request, transcribe_count: 1
2026-09-22 23:42:37.795 - RealTimeSTT: realtimestt - DEBUG - Receive from parent_transcription_pipe after sendiung transcription request, transcribe_count: 1
2026-09-22 23:42:37.903 - RealTimeSTT: realtimestt - DEBUG - Receive from parent_transcription_pipe after sendiung transcription request, transcribe_count: 1
2026-09-22 23:42:38.010 - RealTimeSTT: realtimestt - DEBUG - Receive from parent_transcription_pipe after sendiung transcription request, transcribe_count: 1
2026-09-22 23:42:38.117 - RealTimeSTT: realtimestt - DEBUG - Receive from parent_transcription_pipe after sendiung transcription request, transcribe_count: 1
2026-09-22 23:42:38.157 - RealTimeSTT: realtimestt - DEBUG - Receive from stdout pipe
2026-09-22 23:42:38.157 - RealTimeSTT: realtimestt - DEBUG - Receive from parent_transcription_pipe after sendiung transcription request, transcribe_count: 1
2026-09-22 23:42:38.157 - RealTimeSTT: realtimestt - INFO - None
2026-09-22 23:42:45.313 - RealTimeSTT: realtimestt - INFO - Starting RealTimeSTT
2026-09-22 23:42:45.331 - RealTimeSTT: realtimestt - INFO - Initializing audio recording (creating pyAudio input stream, sample rate: 16000 buffer size: 512
2026-09-22 23:42:45.343 - RealTimeSTT: realtimestt - INFO - Initializing WebRTC voice with Sensitivity 2
2026-09-22 23:42:45.343 - RealTimeSTT: realtimestt - DEBUG - WebRTC VAD voice activity detection engine initialized successfully
2026-09-22 23:42:46.010 - RealTimeSTT: realtimestt - DEBUG - Silero VAD voice activity detection engine initialized successfully with backend legacy
2026-09-22 23:42:46.012 - RealTimeSTT: realtimestt - DEBUG - Starting realtime worker
2026-09-22 23:42:46.012 - RealTimeSTT: realtimestt - DEBUG - Waiting for main transcription model to start
2026-09-22 23:42:46.012 - RealTimeSTT: realtimestt - DEBUG - Realtime transcription disabled; realtime worker exits
2026-09-22 23:42:53.519 - RealTimeSTT: realtimestt - DEBUG - Main transcription model ready
2026-09-22 23:42:53.521 - RealTimeSTT: realtimestt - DEBUG - RealtimeSTT initialization completed successfully
2026-09-22 23:42:54.343 - RealTimeSTT: realtimestt - INFO - Setting listen time
2026-09-22 23:42:54.343 - RealTimeSTT: realtimestt - INFO - State changed from 'inactive' to 'listening'
2026-09-22 23:42:54.343 - RealTimeSTT: realtimestt - DEBUG - Waiting for recording start
2026-09-22 23:42:56.769 - RealTimeSTT: realtimestt - INFO - voice activity detected
2026-09-22 23:42:56.769 - RealTimeSTT: realtimestt - INFO - recording started
2026-09-22 23:42:56.769 - RealTimeSTT: realtimestt - INFO - State changed from 'listening' to 'recording'
2026-09-22 23:42:56.770 - RealTimeSTT: realtimestt - DEBUG - Waiting for recording stop
2026-09-22 23:42:59.069 - RealTimeSTT: realtimestt - INFO - recording stopped
2026-09-22 23:42:59.071 - RealTimeSTT: realtimestt - DEBUG - No samples removed, final audio length: 43520
2026-09-22 23:42:59.071 - RealTimeSTT: realtimestt - INFO - State changed from 'recording' to 'inactive'
2026-09-22 23:42:59.071 - RealTimeSTT: realtimestt - INFO - State changed from 'inactive' to 'transcribing'
2026-09-22 23:42:59.071 - RealTimeSTT: realtimestt - DEBUG - Adding transcription request, no early transcription started
2026-09-22 23:42:59.071 - RealTimeSTT: realtimestt - DEBUG - Receive from parent_transcription_pipe after sendiung transcription request, transcribe_count: 1
2026-09-22 23:42:59.174 - RealTimeSTT: realtimestt - DEBUG - Receive from parent_transcription_pipe after sendiung transcription request, transcribe_count: 1
2026-09-22 23:42:59.286 - RealTimeSTT: realtimestt - DEBUG - Receive from parent_transcription_pipe after sendiung transcription request, transcribe_count: 1
2026-09-22 23:42:59.396 - RealTimeSTT: realtimestt - DEBUG - Receive from parent_transcription_pipe after sendiung transcription request, transcribe_count: 1
2026-09-22 23:42:59.505 - RealTimeSTT: realtimestt - DEBUG - Receive from parent_transcription_pipe after sendiung transcription request, transcribe_count: 1
2026-09-22 23:42:59.613 - RealTimeSTT: realtimestt - DEBUG - Receive from parent_transcription_pipe after sendiung transcription request, transcribe_count: 1
2026-09-22 23:42:59.722 - RealTimeSTT: realtimestt - DEBUG - Receive from parent_transcription_pipe after sendiung transcription request, transcribe_count: 1
2026-09-22 23:42:59.831 - RealTimeSTT: realtimestt - DEBUG - Receive from parent_transcription_pipe after sendiung transcription request, transcribe_count: 1
2026-09-22 23:42:59.937 - RealTimeSTT: realtimestt - DEBUG - Receive from parent_transcription_pipe after sendiung transcription request, transcribe_count: 1
2026-09-22 23:43:00.045 - RealTimeSTT: realtimestt - DEBUG - Receive from parent_transcription_pipe after sendiung transcription request, transcribe_count: 1
2026-09-22 23:43:00.154 - RealTimeSTT: realtimestt - DEBUG - Receive from parent_transcription_pipe after sendiung transcription request, transcribe_count: 1
2026-09-22 23:43:00.263 - RealTimeSTT: realtimestt - DEBUG - Receive from parent_transcription_pipe after sendiung transcription request, transcribe_count: 1
2026-09-22 23:43:00.372 - RealTimeSTT: realtimestt - DEBUG - Receive from parent_transcription_pipe after sendiung transcription request, transcribe_count: 1
2026-09-22 23:43:00.481 - RealTimeSTT: realtimestt - DEBUG - Receive from parent_transcription_pipe after sendiung transcription request, transcribe_count: 1
2026-09-22 23:43:00.592 - RealTimeSTT: realtimestt - DEBUG - Receive from parent_transcription_pipe after sendiung transcription request, transcribe_count: 1
2026-09-22 23:43:00.699 - RealTimeSTT: realtimestt - DEBUG - Receive from parent_transcription_pipe after sendiung transcription request, transcribe_count: 1
2026-09-22 23:43:00.809 - RealTimeSTT: realtimestt - DEBUG - Receive from parent_transcription_pipe after sendiung transcription request, transcribe_count: 1
2026-09-22 23:43:00.919 - RealTimeSTT: realtimestt - DEBUG - Receive from parent_transcription_pipe after sendiung transcription request, transcribe_count: 1
2026-09-22 23:43:01.027 - RealTimeSTT: realtimestt - DEBUG - Receive from parent_transcription_pipe after sendiung transcription request, transcribe_count: 1
2026-09-22 23:43:01.137 - RealTimeSTT: realtimestt - DEBUG - Receive from parent_transcription_pipe after sendiung transcription request, transcribe_count: 1
2026-09-22 23:43:01.206 - RealTimeSTT: realtimestt - INFO - State changed from 'transcribing' to 'inactive'
2026-09-22 23:43:01.206 - RealTimeSTT: realtimestt - DEBUG - Model small completed transcription in 2.13 seconds
2026-09-22 23:43:02.035 - RealTimeSTT: realtimestt - INFO - Setting listen time
2026-09-22 23:43:02.035 - RealTimeSTT: realtimestt - INFO - State changed from 'inactive' to 'listening'
2026-09-22 23:43:02.035 - RealTimeSTT: realtimestt - DEBUG - Waiting for recording start
2026-09-22 23:43:11.928 - RealTimeSTT: realtimestt - INFO - voice activity detected
2026-09-22 23:43:11.928 - RealTimeSTT: realtimestt - INFO - recording started
2026-09-22 23:43:11.928 - RealTimeSTT: realtimestt - INFO - State changed from 'listening' to 'recording'
2026-09-22 23:43:11.928 - RealTimeSTT: realtimestt - DEBUG - Waiting for recording stop
2026-09-22 23:43:16.408 - RealTimeSTT: realtimestt - INFO - recording stopped
2026-09-22 23:43:16.411 - RealTimeSTT: realtimestt - DEBUG - No samples removed, final audio length: 78336
2026-09-22 23:43:16.412 - RealTimeSTT: realtimestt - INFO - State changed from 'recording' to 'inactive'
2026-09-22 23:43:16.412 - RealTimeSTT: realtimestt - INFO - State changed from 'inactive' to 'transcribing'
2026-09-22 23:43:16.412 - RealTimeSTT: realtimestt - DEBUG - Adding transcription request, no early transcription started
2026-09-22 23:43:16.412 - RealTimeSTT: realtimestt - DEBUG - Receive from parent_transcription_pipe after sendiung transcription request, transcribe_count: 1
2026-09-22 23:43:16.526 - RealTimeSTT: realtimestt - DEBUG - Receive from parent_transcription_pipe after sendiung transcription request, transcribe_count: 1
2026-09-22 23:43:16.636 - RealTimeSTT: realtimestt - DEBUG - Receive from parent_transcription_pipe after sendiung transcription request, transcribe_count: 1
2026-09-22 23:43:16.745 - RealTimeSTT: realtimestt - DEBUG - Receive from parent_transcription_pipe after sendiung transcription request, transcribe_count: 1
2026-09-22 23:43:16.852 - RealTimeSTT: realtimestt - DEBUG - Receive from parent_transcription_pipe after sendiung transcription request, transcribe_count: 1
2026-09-22 23:43:16.960 - RealTimeSTT: realtimestt - DEBUG - Receive from parent_transcription_pipe after sendiung transcription request, transcribe_count: 1
2026-09-22 23:43:17.071 - RealTimeSTT: realtimestt - DEBUG - Receive from parent_transcription_pipe after sendiung transcription request, transcribe_count: 1
2026-09-22 23:43:17.180 - RealTimeSTT: realtimestt - DEBUG - Receive from parent_transcription_pipe after sendiung transcription request, transcribe_count: 1
2026-09-22 23:43:17.289 - RealTimeSTT: realtimestt - DEBUG - Receive from parent_transcription_pipe after sendiung transcription request, transcribe_count: 1
2026-09-22 23:43:17.398 - RealTimeSTT: realtimestt - DEBUG - Receive from parent_transcription_pipe after sendiung transcription request, transcribe_count: 1
2026-09-22 23:43:17.507 - RealTimeSTT: realtimestt - DEBUG - Receive from parent_transcription_pipe after sendiung transcription request, transcribe_count: 1
2026-09-22 23:43:17.616 - RealTimeSTT: realtimestt - DEBUG - Receive from parent_transcription_pipe after sendiung transcription request, transcribe_count: 1
2026-09-22 23:43:17.727 - RealTimeSTT: realtimestt - DEBUG - Receive from parent_transcription_pipe after sendiung transcription request, transcribe_count: 1
2026-09-22 23:43:17.835 - RealTimeSTT: realtimestt - DEBUG - Receive from parent_transcription_pipe after sendiung transcription request, transcribe_count: 1
2026-09-22 23:43:17.942 - RealTimeSTT: realtimestt - DEBUG - Receive from parent_transcription_pipe after sendiung transcription request, transcribe_count: 1
2026-09-22 23:43:18.050 - RealTimeSTT: realtimestt - DEBUG - Receive from parent_transcription_pipe after sendiung transcription request, transcribe_count: 1
2026-09-22 23:43:18.158 - RealTimeSTT: realtimestt - DEBUG - Receive from parent_transcription_pipe after sendiung transcription request, transcribe_count: 1
2026-09-22 23:43:18.268 - RealTimeSTT: realtimestt - DEBUG - Receive from parent_transcription_pipe after sendiung transcription request, transcribe_count: 1
2026-09-22 23:43:18.312 - RealTimeSTT: realtimestt - INFO - State changed from 'transcribing' to 'inactive'
2026-09-22 23:43:18.314 - RealTimeSTT: realtimestt - DEBUG - Model small completed transcription in 1.90 seconds
2026-09-22 23:43:19.137 - RealTimeSTT: realtimestt - INFO - Setting listen time
2026-09-22 23:43:19.137 - RealTimeSTT: realtimestt - INFO - State changed from 'inactive' to 'listening'
2026-09-22 23:43:19.137 - RealTimeSTT: realtimestt - DEBUG - Waiting for recording start
2026-09-22 23:43:28.568 - RealTimeSTT: realtimestt - INFO - voice activity detected
2026-09-22 23:43:28.568 - RealTimeSTT: realtimestt - INFO - recording started
2026-09-22 23:43:28.568 - RealTimeSTT: realtimestt - INFO - State changed from 'listening' to 'recording'
2026-09-22 23:43:28.568 - RealTimeSTT: realtimestt - DEBUG - Waiting for recording stop
2026-09-22 23:43:32.728 - RealTimeSTT: realtimestt - INFO - recording stopped
2026-09-22 23:43:32.731 - RealTimeSTT: realtimestt - DEBUG - No samples removed, final audio length: 73216
2026-09-22 23:43:32.731 - RealTimeSTT: realtimestt - INFO - State changed from 'recording' to 'inactive'
2026-09-22 23:43:32.732 - RealTimeSTT: realtimestt - INFO - State changed from 'inactive' to 'transcribing'
2026-09-22 23:43:32.732 - RealTimeSTT: realtimestt - DEBUG - Adding transcription request, no early transcription started
2026-09-22 23:43:32.748 - RealTimeSTT: realtimestt - DEBUG - Receive from parent_transcription_pipe after sendiung transcription request, transcribe_count: 1
2026-09-22 23:43:32.852 - RealTimeSTT: realtimestt - DEBUG - Receive from parent_transcription_pipe after sendiung transcription request, transcribe_count: 1
2026-09-22 23:43:32.961 - RealTimeSTT: realtimestt - DEBUG - Receive from parent_transcription_pipe after sendiung transcription request, transcribe_count: 1
2026-09-22 23:43:33.071 - RealTimeSTT: realtimestt - DEBUG - Receive from parent_transcription_pipe after sendiung transcription request, transcribe_count: 1
2026-09-22 23:43:33.179 - RealTimeSTT: realtimestt - DEBUG - Receive from parent_transcription_pipe after sendiung transcription request, transcribe_count: 1
2026-09-22 23:43:33.288 - RealTimeSTT: realtimestt - DEBUG - Receive from parent_transcription_pipe after sendiung transcription request, transcribe_count: 1
2026-09-22 23:43:33.395 - RealTimeSTT: realtimestt - DEBUG - Receive from parent_transcription_pipe after sendiung transcription request, transcribe_count: 1
2026-09-22 23:43:33.503 - RealTimeSTT: realtimestt - DEBUG - Receive from parent_transcription_pipe after sendiung transcription request, transcribe_count: 1
2026-09-22 23:43:33.611 - RealTimeSTT: realtimestt - DEBUG - Receive from parent_transcription_pipe after sendiung transcription request, transcribe_count: 1
2026-09-22 23:43:33.719 - RealTimeSTT: realtimestt - DEBUG - Receive from parent_transcription_pipe after sendiung transcription request, transcribe_count: 1
2026-09-22 23:43:33.830 - RealTimeSTT: realtimestt - DEBUG - Receive from parent_transcription_pipe after sendiung transcription request, transcribe_count: 1
2026-09-22 23:43:33.940 - RealTimeSTT: realtimestt - DEBUG - Receive from parent_transcription_pipe after sendiung transcription request, transcribe_count: 1
2026-09-22 23:43:34.049 - RealTimeSTT: realtimestt - DEBUG - Receive from parent_transcription_pipe after sendiung transcription request, transcribe_count: 1
2026-09-22 23:43:34.158 - RealTimeSTT: realtimestt - DEBUG - Receive from parent_transcription_pipe after sendiung transcription request, transcribe_count: 1
2026-09-22 23:43:34.267 - RealTimeSTT: realtimestt - DEBUG - Receive from parent_transcription_pipe after sendiung transcription request, transcribe_count: 1
2026-09-22 23:43:34.376 - RealTimeSTT: realtimestt - DEBUG - Receive from parent_transcription_pipe after sendiung transcription request, transcribe_count: 1
2026-09-22 23:43:34.485 - RealTimeSTT: realtimestt - DEBUG - Receive from parent_transcription_pipe after sendiung transcription request, transcribe_count: 1
2026-09-22 23:43:34.594 - RealTimeSTT: realtimestt - DEBUG - Receive from parent_transcription_pipe after sendiung transcription request, transcribe_count: 1
2026-09-22 23:43:34.703 - RealTimeSTT: realtimestt - DEBUG - Receive from parent_transcription_pipe after sendiung transcription request, transcribe_count: 1
2026-09-22 23:43:34.812 - RealTimeSTT: realtimestt - DEBUG - Receive from parent_transcription_pipe after sendiung transcription request, transcribe_count: 1
2026-09-22 23:43:34.816 - RealTimeSTT: realtimestt - INFO - State changed from 'transcribing' to 'inactive'
2026-09-22 23:43:34.817 - RealTimeSTT: realtimestt - DEBUG - Model small completed transcription in 2.08 seconds
2026-09-22 23:43:35.642 - RealTimeSTT: realtimestt - INFO - Setting listen time
2026-09-22 23:43:35.642 - RealTimeSTT: realtimestt - INFO - State changed from 'inactive' to 'listening'
2026-09-22 23:43:35.642 - RealTimeSTT: realtimestt - DEBUG - Waiting for recording start
2026-09-22 23:43:37.338 - RealTimeSTT: realtimestt - INFO - voice activity detected
2026-09-22 23:43:37.338 - RealTimeSTT: realtimestt - INFO - recording started
2026-09-22 23:43:37.338 - RealTimeSTT: realtimestt - INFO - State changed from 'listening' to 'recording'
2026-09-22 23:43:37.338 - RealTimeSTT: realtimestt - DEBUG - Waiting for recording stop
2026-09-22 23:43:39.899 - RealTimeSTT: realtimestt - INFO - recording stopped
2026-09-22 23:43:39.902 - RealTimeSTT: realtimestt - DEBUG - No samples removed, final audio length: 47616
2026-09-22 23:43:39.903 - RealTimeSTT: realtimestt - INFO - State changed from 'recording' to 'inactive'
2026-09-22 23:43:39.904 - RealTimeSTT: realtimestt - INFO - State changed from 'inactive' to 'transcribing'
2026-09-22 23:43:39.904 - RealTimeSTT: realtimestt - DEBUG - Adding transcription request, no early transcription started
2026-09-22 23:43:39.905 - RealTimeSTT: realtimestt - DEBUG - Receive from parent_transcription_pipe after sendiung transcription request, transcribe_count: 1
2026-09-22 23:43:40.019 - RealTimeSTT: realtimestt - DEBUG - Receive from parent_transcription_pipe after sendiung transcription request, transcribe_count: 1
2026-09-22 23:43:40.127 - RealTimeSTT: realtimestt - DEBUG - Receive from parent_transcription_pipe after sendiung transcription request, transcribe_count: 1
2026-09-22 23:43:40.236 - RealTimeSTT: realtimestt - DEBUG - Receive from parent_transcription_pipe after sendiung transcription request, transcribe_count: 1
2026-09-22 23:43:40.347 - RealTimeSTT: realtimestt - DEBUG - Receive from parent_transcription_pipe after sendiung transcription request, transcribe_count: 1
2026-09-22 23:43:40.456 - RealTimeSTT: realtimestt - DEBUG - Receive from parent_transcription_pipe after sendiung transcription request, transcribe_count: 1
2026-09-22 23:43:40.564 - RealTimeSTT: realtimestt - DEBUG - Receive from parent_transcription_pipe after sendiung transcription request, transcribe_count: 1
2026-09-22 23:43:40.673 - RealTimeSTT: realtimestt - DEBUG - Receive from parent_transcription_pipe after sendiung transcription request, transcribe_count: 1
2026-09-22 23:43:40.784 - RealTimeSTT: realtimestt - DEBUG - Receive from parent_transcription_pipe after sendiung transcription request, transcribe_count: 1
2026-09-22 23:43:40.889 - RealTimeSTT: realtimestt - DEBUG - Receive from parent_transcription_pipe after sendiung transcription request, transcribe_count: 1
2026-09-22 23:43:40.997 - RealTimeSTT: realtimestt - DEBUG - Receive from parent_transcription_pipe after sendiung transcription request, transcribe_count: 1
2026-09-22 23:43:41.106 - RealTimeSTT: realtimestt - DEBUG - Receive from parent_transcription_pipe after sendiung transcription request, transcribe_count: 1
2026-09-22 23:43:41.214 - RealTimeSTT: realtimestt - DEBUG - Receive from parent_transcription_pipe after sendiung transcription request, transcribe_count: 1
2026-09-22 23:43:41.324 - RealTimeSTT: realtimestt - DEBUG - Receive from parent_transcription_pipe after sendiung transcription request, transcribe_count: 1
2026-09-22 23:43:41.434 - RealTimeSTT: realtimestt - DEBUG - Receive from parent_transcription_pipe after sendiung transcription request, transcribe_count: 1
2026-09-22 23:43:41.543 - RealTimeSTT: realtimestt - DEBUG - Receive from parent_transcription_pipe after sendiung transcription request, transcribe_count: 1
2026-09-22 23:43:41.653 - RealTimeSTT: realtimestt - DEBUG - Receive from parent_transcription_pipe after sendiung transcription request, transcribe_count: 1
2026-09-22 23:43:41.762 - RealTimeSTT: realtimestt - DEBUG - Receive from parent_transcription_pipe after sendiung transcription request, transcribe_count: 1
2026-09-22 23:43:41.872 - RealTimeSTT: realtimestt - DEBUG - Receive from parent_transcription_pipe after sendiung transcription request, transcribe_count: 1
2026-09-22 23:43:41.982 - RealTimeSTT: realtimestt - DEBUG - Receive from parent_transcription_pipe after sendiung transcription request, transcribe_count: 1
2026-09-22 23:43:42.041 - RealTimeSTT: realtimestt - INFO - State changed from 'transcribing' to 'inactive'
2026-09-22 23:43:42.041 - RealTimeSTT: realtimestt - DEBUG - Model small completed transcription in 2.14 seconds
2026-09-22 23:43:44.861 - RealTimeSTT: realtimestt - INFO - Setting listen time
2026-09-22 23:43:44.861 - RealTimeSTT: realtimestt - INFO - State changed from 'inactive' to 'listening'
2026-09-22 23:43:44.861 - RealTimeSTT: realtimestt - DEBUG - Waiting for recording start
2026-09-22 23:43:48.028 - RealTimeSTT: realtimestt - INFO - voice activity detected
2026-09-22 23:43:48.028 - RealTimeSTT: realtimestt - INFO - recording started
2026-09-22 23:43:48.028 - RealTimeSTT: realtimestt - INFO - State changed from 'listening' to 'recording'
2026-09-22 23:43:48.030 - RealTimeSTT: realtimestt - DEBUG - Waiting for recording stop
2026-09-22 23:43:53.149 - RealTimeSTT: realtimestt - INFO - recording stopped
2026-09-22 23:43:53.152 - RealTimeSTT: realtimestt - DEBUG - No samples removed, final audio length: 88576
2026-09-22 23:43:53.153 - RealTimeSTT: realtimestt - INFO - State changed from 'recording' to 'inactive'
2026-09-22 23:43:53.153 - RealTimeSTT: realtimestt - INFO - State changed from 'inactive' to 'transcribing'
2026-09-22 23:43:53.153 - RealTimeSTT: realtimestt - DEBUG - Adding transcription request, no early transcription started
2026-09-22 23:43:53.157 - RealTimeSTT: realtimestt - DEBUG - Receive from parent_transcription_pipe after sendiung transcription request, transcribe_count: 1
2026-09-22 23:43:53.263 - RealTimeSTT: realtimestt - DEBUG - Receive from parent_transcription_pipe after sendiung transcription request, transcribe_count: 1
2026-09-22 23:43:53.372 - RealTimeSTT: realtimestt - DEBUG - Receive from parent_transcription_pipe after sendiung transcription request, transcribe_count: 1
2026-09-22 23:43:53.480 - RealTimeSTT: realtimestt - DEBUG - Receive from parent_transcription_pipe after sendiung transcription request, transcribe_count: 1
2026-09-22 23:43:53.587 - RealTimeSTT: realtimestt - DEBUG - Receive from parent_transcription_pipe after sendiung transcription request, transcribe_count: 1
2026-09-22 23:43:53.701 - RealTimeSTT: realtimestt - DEBUG - Receive from parent_transcription_pipe after sendiung transcription request, transcribe_count: 1
2026-09-22 23:43:53.805 - RealTimeSTT: realtimestt - DEBUG - Receive from parent_transcription_pipe after sendiung transcription request, transcribe_count: 1
2026-09-22 23:43:53.914 - RealTimeSTT: realtimestt - DEBUG - Receive from parent_transcription_pipe after sendiung transcription request, transcribe_count: 1
2026-09-22 23:43:54.021 - RealTimeSTT: realtimestt - DEBUG - Receive from parent_transcription_pipe after sendiung transcription request, transcribe_count: 1
2026-09-22 23:43:54.129 - RealTimeSTT: realtimestt - DEBUG - Receive from parent_transcription_pipe after sendiung transcription request, transcribe_count: 1
2026-09-22 23:43:54.238 - RealTimeSTT: realtimestt - DEBUG - Receive from parent_transcription_pipe after sendiung transcription request, transcribe_count: 1
2026-09-22 23:43:54.347 - RealTimeSTT: realtimestt - DEBUG - Receive from parent_transcription_pipe after sendiung transcription request, transcribe_count: 1
2026-09-22 23:43:54.456 - RealTimeSTT: realtimestt - DEBUG - Receive from parent_transcription_pipe after sendiung transcription request, transcribe_count: 1
2026-09-22 23:43:54.565 - RealTimeSTT: realtimestt - DEBUG - Receive from parent_transcription_pipe after sendiung transcription request, transcribe_count: 1
2026-09-22 23:43:54.672 - RealTimeSTT: realtimestt - DEBUG - Receive from parent_transcription_pipe after sendiung transcription request, transcribe_count: 1
2026-09-22 23:43:54.781 - RealTimeSTT: realtimestt - DEBUG - Receive from parent_transcription_pipe after sendiung transcription request, transcribe_count: 1
2026-09-22 23:43:54.889 - RealTimeSTT: realtimestt - DEBUG - Receive from parent_transcription_pipe after sendiung transcription request, transcribe_count: 1
2026-09-22 23:43:54.998 - RealTimeSTT: realtimestt - DEBUG - Receive from parent_transcription_pipe after sendiung transcription request, transcribe_count: 1
2026-09-22 23:43:55.107 - RealTimeSTT: realtimestt - DEBUG - Receive from parent_transcription_pipe after sendiung transcription request, transcribe_count: 1
2026-09-22 23:43:55.214 - RealTimeSTT: realtimestt - DEBUG - Receive from parent_transcription_pipe after sendiung transcription request, transcribe_count: 1
2026-09-22 23:43:55.254 - RealTimeSTT: realtimestt - INFO - State changed from 'transcribing' to 'inactive'
2026-09-22 23:43:55.256 - RealTimeSTT: realtimestt - DEBUG - Model small completed transcription in 2.10 seconds
2026-09-22 23:43:56.081 - RealTimeSTT: realtimestt - INFO - Setting listen time
2026-09-22 23:43:56.081 - RealTimeSTT: realtimestt - INFO - State changed from 'inactive' to 'listening'
2026-09-22 23:43:56.081 - RealTimeSTT: realtimestt - DEBUG - Waiting for recording start
2026-09-22 23:43:59.808 - RealTimeSTT: realtimestt - INFO - voice activity detected
2026-09-22 23:43:59.808 - RealTimeSTT: realtimestt - INFO - recording started
2026-09-22 23:43:59.808 - RealTimeSTT: realtimestt - INFO - State changed from 'listening' to 'recording'
2026-09-22 23:43:59.809 - RealTimeSTT: realtimestt - DEBUG - Waiting for recording stop
2026-09-22 23:44:09.469 - RealTimeSTT: realtimestt - INFO - recording stopped
2026-09-22 23:44:09.473 - RealTimeSTT: realtimestt - DEBUG - No samples removed, final audio length: 161280
2026-09-22 23:44:09.473 - RealTimeSTT: realtimestt - INFO - State changed from 'recording' to 'inactive'
2026-09-22 23:44:09.473 - RealTimeSTT: realtimestt - INFO - State changed from 'inactive' to 'transcribing'
2026-09-22 23:44:09.473 - RealTimeSTT: realtimestt - DEBUG - Adding transcription request, no early transcription started
2026-09-22 23:44:09.475 - RealTimeSTT: realtimestt - DEBUG - Receive from parent_transcription_pipe after sendiung transcription request, transcribe_count: 1
2026-09-22 23:44:09.588 - RealTimeSTT: realtimestt - DEBUG - Receive from parent_transcription_pipe after sendiung transcription request, transcribe_count: 1
2026-09-22 23:44:09.694 - RealTimeSTT: realtimestt - DEBUG - Receive from parent_transcription_pipe after sendiung transcription request, transcribe_count: 1
2026-09-22 23:44:09.803 - RealTimeSTT: realtimestt - DEBUG - Receive from parent_transcription_pipe after sendiung transcription request, transcribe_count: 1
2026-09-22 23:44:09.912 - RealTimeSTT: realtimestt - DEBUG - Receive from parent_transcription_pipe after sendiung transcription request, transcribe_count: 1
2026-09-22 23:44:10.021 - RealTimeSTT: realtimestt - DEBUG - Receive from parent_transcription_pipe after sendiung transcription request, transcribe_count: 1
2026-09-22 23:44:10.130 - RealTimeSTT: realtimestt - DEBUG - Receive from parent_transcription_pipe after sendiung transcription request, transcribe_count: 1
2026-09-22 23:44:10.239 - RealTimeSTT: realtimestt - DEBUG - Receive from parent_transcription_pipe after sendiung transcription request, transcribe_count: 1
2026-09-22 23:44:10.347 - RealTimeSTT: realtimestt - DEBUG - Receive from parent_transcription_pipe after sendiung transcription request, transcribe_count: 1
2026-09-22 23:44:10.459 - RealTimeSTT: realtimestt - DEBUG - Receive from parent_transcription_pipe after sendiung transcription request, transcribe_count: 1
2026-09-22 23:44:10.566 - RealTimeSTT: realtimestt - DEBUG - Receive from parent_transcription_pipe after sendiung transcription request, transcribe_count: 1
2026-09-22 23:44:10.675 - RealTimeSTT: realtimestt - DEBUG - Receive from parent_transcription_pipe after sendiung transcription request, transcribe_count: 1
2026-09-22 23:44:10.784 - RealTimeSTT: realtimestt - DEBUG - Receive from parent_transcription_pipe after sendiung transcription request, transcribe_count: 1
2026-09-22 23:44:10.892 - RealTimeSTT: realtimestt - DEBUG - Receive from parent_transcription_pipe after sendiung transcription request, transcribe_count: 1
2026-09-22 23:44:11.000 - RealTimeSTT: realtimestt - DEBUG - Receive from parent_transcription_pipe after sendiung transcription request, transcribe_count: 1
2026-09-22 23:44:11.108 - RealTimeSTT: realtimestt - DEBUG - Receive from parent_transcription_pipe after sendiung transcription request, transcribe_count: 1
2026-09-22 23:44:11.218 - RealTimeSTT: realtimestt - DEBUG - Receive from parent_transcription_pipe after sendiung transcription request, transcribe_count: 1
2026-09-22 23:44:11.327 - RealTimeSTT: realtimestt - DEBUG - Receive from parent_transcription_pipe after sendiung transcription request, transcribe_count: 1
2026-09-22 23:44:11.427 - RealTimeSTT: realtimestt - INFO - State changed from 'transcribing' to 'inactive'
2026-09-22 23:44:11.429 - RealTimeSTT: realtimestt - DEBUG - Model small completed transcription in 1.96 seconds
2026-09-22 23:44:12.253 - RealTimeSTT: realtimestt - INFO - Setting listen time
2026-09-22 23:44:12.253 - RealTimeSTT: realtimestt - INFO - State changed from 'inactive' to 'listening'
2026-09-22 23:44:12.253 - RealTimeSTT: realtimestt - DEBUG - Waiting for recording start
2026-09-22 23:44:20.349 - RealTimeSTT: realtimestt - INFO - voice activity detected
2026-09-22 23:44:20.349 - RealTimeSTT: realtimestt - INFO - recording started
2026-09-22 23:44:20.349 - RealTimeSTT: realtimestt - INFO - State changed from 'listening' to 'recording'
2026-09-22 23:44:20.349 - RealTimeSTT: realtimestt - DEBUG - Waiting for recording stop
2026-09-22 23:44:27.519 - RealTimeSTT: realtimestt - INFO - recording stopped
2026-09-22 23:44:27.522 - RealTimeSTT: realtimestt - DEBUG - No samples removed, final audio length: 121344
2026-09-22 23:44:27.523 - RealTimeSTT: realtimestt - INFO - State changed from 'recording' to 'inactive'
2026-09-22 23:44:27.523 - RealTimeSTT: realtimestt - INFO - State changed from 'inactive' to 'transcribing'
2026-09-22 23:44:27.523 - RealTimeSTT: realtimestt - DEBUG - Adding transcription request, no early transcription started
2026-09-22 23:44:27.531 - RealTimeSTT: realtimestt - DEBUG - Receive from parent_transcription_pipe after sendiung transcription request, transcribe_count: 1
2026-09-22 23:44:27.635 - RealTimeSTT: realtimestt - DEBUG - Receive from parent_transcription_pipe after sendiung transcription request, transcribe_count: 1
2026-09-22 23:44:27.742 - RealTimeSTT: realtimestt - DEBUG - Receive from parent_transcription_pipe after sendiung transcription request, transcribe_count: 1
2026-09-22 23:44:27.851 - RealTimeSTT: realtimestt - DEBUG - Receive from parent_transcription_pipe after sendiung transcription request, transcribe_count: 1
2026-09-22 23:44:27.960 - RealTimeSTT: realtimestt - DEBUG - Receive from parent_transcription_pipe after sendiung transcription request, transcribe_count: 1
2026-09-22 23:44:28.070 - RealTimeSTT: realtimestt - DEBUG - Receive from parent_transcription_pipe after sendiung transcription request, transcribe_count: 1
2026-09-22 23:44:28.179 - RealTimeSTT: realtimestt - DEBUG - Receive from parent_transcription_pipe after sendiung transcription request, transcribe_count: 1
2026-09-22 23:44:28.286 - RealTimeSTT: realtimestt - DEBUG - Receive from parent_transcription_pipe after sendiung transcription request, transcribe_count: 1
2026-09-22 23:44:28.350 - RealTimeSTT: realtimestt - INFO - voice activity detected
2026-09-22 23:44:28.350 - RealTimeSTT: realtimestt - INFO - recording started
2026-09-22 23:44:28.350 - RealTimeSTT: realtimestt - INFO - State changed from 'transcribing' to 'recording'
2026-09-22 23:44:28.395 - RealTimeSTT: realtimestt - DEBUG - Receive from parent_transcription_pipe after sendiung transcription request, transcribe_count: 1
2026-09-22 23:44:28.505 - RealTimeSTT: realtimestt - DEBUG - Receive from parent_transcription_pipe after sendiung transcription request, transcribe_count: 1
2026-09-22 23:44:28.614 - RealTimeSTT: realtimestt - DEBUG - Receive from parent_transcription_pipe after sendiung transcription request, transcribe_count: 1
2026-09-22 23:44:28.724 - RealTimeSTT: realtimestt - DEBUG - Receive from parent_transcription_pipe after sendiung transcription request, transcribe_count: 1
2026-09-22 23:44:28.834 - RealTimeSTT: realtimestt - DEBUG - Receive from parent_transcription_pipe after sendiung transcription request, transcribe_count: 1
2026-09-22 23:44:28.940 - RealTimeSTT: realtimestt - DEBUG - Receive from parent_transcription_pipe after sendiung transcription request, transcribe_count: 1
2026-09-22 23:44:29.050 - RealTimeSTT: realtimestt - DEBUG - Receive from parent_transcription_pipe after sendiung transcription request, transcribe_count: 1
2026-09-22 23:44:29.157 - RealTimeSTT: realtimestt - DEBUG - Receive from parent_transcription_pipe after sendiung transcription request, transcribe_count: 1
2026-09-22 23:44:29.267 - RealTimeSTT: realtimestt - DEBUG - Receive from parent_transcription_pipe after sendiung transcription request, transcribe_count: 1
2026-09-22 23:44:29.374 - RealTimeSTT: realtimestt - DEBUG - Receive from parent_transcription_pipe after sendiung transcription request, transcribe_count: 1
2026-09-22 23:44:29.483 - RealTimeSTT: realtimestt - DEBUG - Receive from parent_transcription_pipe after sendiung transcription request, transcribe_count: 1
2026-09-22 23:44:29.533 - RealTimeSTT: realtimestt - DEBUG - Model small completed transcription in 2.01 seconds
2026-09-22 23:44:30.079 - RealTimeSTT: realtimestt - INFO - recording stopped
2026-09-22 23:44:30.359 - RealTimeSTT: realtimestt - INFO - Setting listen time
2026-09-22 23:44:30.359 - RealTimeSTT: realtimestt - DEBUG - No samples removed, final audio length: 34304
2026-09-22 23:44:30.359 - RealTimeSTT: realtimestt - INFO - State changed from 'recording' to 'inactive'
2026-09-22 23:44:30.359 - RealTimeSTT: realtimestt - INFO - State changed from 'inactive' to 'transcribing'
2026-09-22 23:44:30.360 - RealTimeSTT: realtimestt - DEBUG - Adding transcription request, no early transcription started
2026-09-22 23:44:30.363 - RealTimeSTT: realtimestt - DEBUG - Receive from parent_transcription_pipe after sendiung transcription request, transcribe_count: 1
2026-09-22 23:44:30.467 - RealTimeSTT: realtimestt - DEBUG - Receive from parent_transcription_pipe after sendiung transcription request, transcribe_count: 1
2026-09-22 23:44:30.576 - RealTimeSTT: realtimestt - DEBUG - Receive from parent_transcription_pipe after sendiung transcription request, transcribe_count: 1
2026-09-22 23:44:30.686 - RealTimeSTT: realtimestt - DEBUG - Receive from parent_transcription_pipe after sendiung transcription request, transcribe_count: 1
2026-09-22 23:44:30.795 - RealTimeSTT: realtimestt - DEBUG - Receive from parent_transcription_pipe after sendiung transcription request, transcribe_count: 1
2026-09-22 23:44:30.904 - RealTimeSTT: realtimestt - DEBUG - Receive from parent_transcription_pipe after sendiung transcription request, transcribe_count: 1
2026-09-22 23:44:31.013 - RealTimeSTT: realtimestt - DEBUG - Receive from parent_transcription_pipe after sendiung transcription request, transcribe_count: 1
2026-09-22 23:44:31.122 - RealTimeSTT: realtimestt - DEBUG - Receive from parent_transcription_pipe after sendiung transcription request, transcribe_count: 1
2026-09-22 23:44:31.232 - RealTimeSTT: realtimestt - DEBUG - Receive from parent_transcription_pipe after sendiung transcription request, transcribe_count: 1
2026-09-22 23:44:31.341 - RealTimeSTT: realtimestt - DEBUG - Receive from parent_transcription_pipe after sendiung transcription request, transcribe_count: 1
2026-09-22 23:44:31.451 - RealTimeSTT: realtimestt - DEBUG - Receive from parent_transcription_pipe after sendiung transcription request, transcribe_count: 1
2026-09-22 23:44:31.558 - RealTimeSTT: realtimestt - DEBUG - Receive from parent_transcription_pipe after sendiung transcription request, transcribe_count: 1
2026-09-22 23:44:31.668 - RealTimeSTT: realtimestt - DEBUG - Receive from parent_transcription_pipe after sendiung transcription request, transcribe_count: 1
2026-09-22 23:44:31.777 - RealTimeSTT: realtimestt - DEBUG - Receive from parent_transcription_pipe after sendiung transcription request, transcribe_count: 1
2026-09-22 23:44:31.885 - RealTimeSTT: realtimestt - DEBUG - Receive from parent_transcription_pipe after sendiung transcription request, transcribe_count: 1
2026-09-22 23:44:31.993 - RealTimeSTT: realtimestt - DEBUG - Receive from parent_transcription_pipe after sendiung transcription request, transcribe_count: 1
2026-09-22 23:44:32.101 - RealTimeSTT: realtimestt - DEBUG - Receive from parent_transcription_pipe after sendiung transcription request, transcribe_count: 1
2026-09-22 23:44:32.211 - RealTimeSTT: realtimestt - DEBUG - Receive from parent_transcription_pipe after sendiung transcription request, transcribe_count: 1
2026-09-22 23:44:32.320 - RealTimeSTT: realtimestt - DEBUG - Receive from parent_transcription_pipe after sendiung transcription request, transcribe_count: 1
2026-09-22 23:44:32.428 - RealTimeSTT: realtimestt - DEBUG - Receive from parent_transcription_pipe after sendiung transcription request, transcribe_count: 1
2026-09-22 23:44:32.428 - RealTimeSTT: realtimestt - INFO - State changed from 'transcribing' to 'inactive'
2026-09-22 23:44:32.428 - RealTimeSTT: realtimestt - DEBUG - Model small completed transcription in 2.07 seconds
2026-09-22 23:44:35.144 - RealTimeSTT: realtimestt - INFO - Setting listen time
2026-09-22 23:44:35.144 - RealTimeSTT: realtimestt - INFO - State changed from 'inactive' to 'listening'
2026-09-22 23:44:35.145 - RealTimeSTT: realtimestt - DEBUG - Waiting for recording start
2026-09-22 23:44:36.349 - RealTimeSTT: realtimestt - INFO - voice activity detected
2026-09-22 23:44:36.349 - RealTimeSTT: realtimestt - INFO - recording started
2026-09-22 23:44:36.349 - RealTimeSTT: realtimestt - INFO - State changed from 'listening' to 'recording'
2026-09-22 23:44:36.350 - RealTimeSTT: realtimestt - DEBUG - Waiting for recording stop
2026-09-22 23:44:39.738 - RealTimeSTT: realtimestt - INFO - recording stopped
2026-09-22 23:44:39.740 - RealTimeSTT: realtimestt - DEBUG - No samples removed, final audio length: 60928
2026-09-22 23:44:39.742 - RealTimeSTT: realtimestt - INFO - State changed from 'recording' to 'inactive'
2026-09-22 23:44:39.742 - RealTimeSTT: realtimestt - INFO - State changed from 'inactive' to 'transcribing'
2026-09-22 23:44:39.742 - RealTimeSTT: realtimestt - DEBUG - Adding transcription request, no early transcription started
2026-09-22 23:44:39.761 - RealTimeSTT: realtimestt - DEBUG - Receive from parent_transcription_pipe after sendiung transcription request, transcribe_count: 1
2026-09-22 23:44:39.866 - RealTimeSTT: realtimestt - DEBUG - Receive from parent_transcription_pipe after sendiung transcription request, transcribe_count: 1
2026-09-22 23:44:39.973 - RealTimeSTT: realtimestt - DEBUG - Receive from parent_transcription_pipe after sendiung transcription request, transcribe_count: 1
2026-09-22 23:44:40.081 - RealTimeSTT: realtimestt - DEBUG - Receive from parent_transcription_pipe after sendiung transcription request, transcribe_count: 1
2026-09-22 23:44:40.190 - RealTimeSTT: realtimestt - DEBUG - Receive from parent_transcription_pipe after sendiung transcription request, transcribe_count: 1
2026-09-22 23:44:40.300 - RealTimeSTT: realtimestt - DEBUG - Receive from parent_transcription_pipe after sendiung transcription request, transcribe_count: 1
2026-09-22 23:44:40.408 - RealTimeSTT: realtimestt - DEBUG - Receive from parent_transcription_pipe after sendiung transcription request, transcribe_count: 1
2026-09-22 23:44:40.518 - RealTimeSTT: realtimestt - DEBUG - Receive from parent_transcription_pipe after sendiung transcription request, transcribe_count: 1
2026-09-22 23:44:40.625 - RealTimeSTT: realtimestt - DEBUG - Receive from parent_transcription_pipe after sendiung transcription request, transcribe_count: 1
2026-09-22 23:44:40.734 - RealTimeSTT: realtimestt - DEBUG - Receive from parent_transcription_pipe after sendiung transcription request, transcribe_count: 1
2026-09-22 23:44:40.842 - RealTimeSTT: realtimestt - DEBUG - Receive from parent_transcription_pipe after sendiung transcription request, transcribe_count: 1
2026-09-22 23:44:40.950 - RealTimeSTT: realtimestt - DEBUG - Receive from parent_transcription_pipe after sendiung transcription request, transcribe_count: 1
2026-09-22 23:44:41.058 - RealTimeSTT: realtimestt - DEBUG - Receive from parent_transcription_pipe after sendiung transcription request, transcribe_count: 1
2026-09-22 23:44:41.167 - RealTimeSTT: realtimestt - DEBUG - Receive from parent_transcription_pipe after sendiung transcription request, transcribe_count: 1
2026-09-22 23:44:41.276 - RealTimeSTT: realtimestt - DEBUG - Receive from parent_transcription_pipe after sendiung transcription request, transcribe_count: 1
2026-09-22 23:44:41.385 - RealTimeSTT: realtimestt - DEBUG - Receive from parent_transcription_pipe after sendiung transcription request, transcribe_count: 1
2026-09-22 23:44:41.494 - RealTimeSTT: realtimestt - DEBUG - Receive from parent_transcription_pipe after sendiung transcription request, transcribe_count: 1
2026-09-22 23:44:41.602 - RealTimeSTT: realtimestt - DEBUG - Receive from parent_transcription_pipe after sendiung transcription request, transcribe_count: 1
2026-09-22 23:44:41.713 - RealTimeSTT: realtimestt - DEBUG - Receive from parent_transcription_pipe after sendiung transcription request, transcribe_count: 1
2026-09-22 23:44:41.821 - RealTimeSTT: realtimestt - DEBUG - Receive from parent_transcription_pipe after sendiung transcription request, transcribe_count: 1
2026-09-22 23:44:41.930 - RealTimeSTT: realtimestt - DEBUG - Receive from parent_transcription_pipe after sendiung transcription request, transcribe_count: 1
2026-09-22 23:44:41.961 - RealTimeSTT: realtimestt - INFO - State changed from 'transcribing' to 'inactive'
2026-09-22 23:44:41.962 - RealTimeSTT: realtimestt - DEBUG - Model small completed transcription in 2.22 seconds
2026-09-22 23:44:45.529 - RealTimeSTT: realtimestt - INFO - Setting listen time
2026-09-22 23:44:45.530 - RealTimeSTT: realtimestt - INFO - State changed from 'inactive' to 'listening'
2026-09-22 23:44:45.530 - RealTimeSTT: realtimestt - DEBUG - Waiting for recording start
2026-09-22 23:44:45.658 - RealTimeSTT: realtimestt - DEBUG - Receive from stdout pipe
2026-09-22 23:44:45.658 - RealTimeSTT: realtimestt - INFO - None
2026-09-22 23:44:55.775 - RealTimeSTT: realtimestt - INFO - Starting RealTimeSTT
2026-09-22 23:44:55.792 - RealTimeSTT: realtimestt - INFO - Initializing audio recording (creating pyAudio input stream, sample rate: 16000 buffer size: 512
2026-09-22 23:44:55.803 - RealTimeSTT: realtimestt - INFO - Initializing WebRTC voice with Sensitivity 2
2026-09-22 23:44:55.803 - RealTimeSTT: realtimestt - DEBUG - WebRTC VAD voice activity detection engine initialized successfully
2026-09-22 23:44:56.635 - RealTimeSTT: realtimestt - DEBUG - Silero VAD voice activity detection engine initialized successfully with backend legacy
2026-09-22 23:44:56.638 - RealTimeSTT: realtimestt - DEBUG - Starting realtime worker
2026-09-22 23:44:56.639 - RealTimeSTT: realtimestt - DEBUG - Waiting for main transcription model to start
2026-09-22 23:44:56.639 - RealTimeSTT: realtimestt - DEBUG - Realtime transcription disabled; realtime worker exits
2026-09-22 23:45:04.618 - RealTimeSTT: realtimestt - DEBUG - Main transcription model ready
2026-09-22 23:45:04.619 - RealTimeSTT: realtimestt - DEBUG - RealtimeSTT initialization completed successfully
2026-09-22 23:45:05.440 - RealTimeSTT: realtimestt - INFO - Setting listen time
2026-09-22 23:45:05.440 - RealTimeSTT: realtimestt - INFO - State changed from 'inactive' to 'listening'
2026-09-22 23:45:05.440 - RealTimeSTT: realtimestt - DEBUG - Waiting for recording start
2026-09-22 23:45:07.928 - RealTimeSTT: realtimestt - INFO - voice activity detected
2026-09-22 23:45:07.928 - RealTimeSTT: realtimestt - INFO - recording started
2026-09-22 23:45:07.928 - RealTimeSTT: realtimestt - INFO - State changed from 'listening' to 'recording'
2026-09-22 23:45:07.929 - RealTimeSTT: realtimestt - DEBUG - Waiting for recording stop
2026-09-22 23:45:12.088 - RealTimeSTT: realtimestt - INFO - recording stopped
2026-09-22 23:45:12.091 - RealTimeSTT: realtimestt - DEBUG - No samples removed, final audio length: 73216
2026-09-22 23:45:12.092 - RealTimeSTT: realtimestt - INFO - State changed from 'recording' to 'inactive'
2026-09-22 23:45:12.092 - RealTimeSTT: realtimestt - INFO - State changed from 'inactive' to 'transcribing'
2026-09-22 23:45:12.092 - RealTimeSTT: realtimestt - DEBUG - Adding transcription request, no early transcription started
2026-09-22 23:45:12.094 - RealTimeSTT: realtimestt - DEBUG - Receive from parent_transcription_pipe after sendiung transcription request, transcribe_count: 1
2026-09-22 23:45:12.200 - RealTimeSTT: realtimestt - DEBUG - Receive from parent_transcription_pipe after sendiung transcription request, transcribe_count: 1
2026-09-22 23:45:12.309 - RealTimeSTT: realtimestt - DEBUG - Receive from parent_transcription_pipe after sendiung transcription request, transcribe_count: 1
2026-09-22 23:45:12.417 - RealTimeSTT: realtimestt - DEBUG - Receive from parent_transcription_pipe after sendiung transcription request, transcribe_count: 1
2026-09-22 23:45:12.529 - RealTimeSTT: realtimestt - DEBUG - Receive from parent_transcription_pipe after sendiung transcription request, transcribe_count: 1
2026-09-22 23:45:12.636 - RealTimeSTT: realtimestt - DEBUG - Receive from parent_transcription_pipe after sendiung transcription request, transcribe_count: 1
2026-09-22 23:45:12.745 - RealTimeSTT: realtimestt - DEBUG - Receive from parent_transcription_pipe after sendiung transcription request, transcribe_count: 1
2026-09-22 23:45:12.854 - RealTimeSTT: realtimestt - DEBUG - Receive from parent_transcription_pipe after sendiung transcription request, transcribe_count: 1
2026-09-22 23:45:12.963 - RealTimeSTT: realtimestt - DEBUG - Receive from parent_transcription_pipe after sendiung transcription request, transcribe_count: 1
2026-09-22 23:45:13.071 - RealTimeSTT: realtimestt - DEBUG - Receive from parent_transcription_pipe after sendiung transcription request, transcribe_count: 1
2026-09-22 23:45:13.179 - RealTimeSTT: realtimestt - DEBUG - Receive from parent_transcription_pipe after sendiung transcription request, transcribe_count: 1
2026-09-22 23:45:13.286 - RealTimeSTT: realtimestt - DEBUG - Receive from parent_transcription_pipe after sendiung transcription request, transcribe_count: 1
2026-09-22 23:45:13.394 - RealTimeSTT: realtimestt - DEBUG - Receive from parent_transcription_pipe after sendiung transcription request, transcribe_count: 1
2026-09-22 23:45:13.503 - RealTimeSTT: realtimestt - DEBUG - Receive from parent_transcription_pipe after sendiung transcription request, transcribe_count: 1
2026-09-22 23:45:13.610 - RealTimeSTT: realtimestt - DEBUG - Receive from parent_transcription_pipe after sendiung transcription request, transcribe_count: 1
2026-09-22 23:45:13.718 - RealTimeSTT: realtimestt - DEBUG - Receive from parent_transcription_pipe after sendiung transcription request, transcribe_count: 1
2026-09-22 23:45:13.826 - RealTimeSTT: realtimestt - DEBUG - Receive from parent_transcription_pipe after sendiung transcription request, transcribe_count: 1
2026-09-22 23:45:13.934 - RealTimeSTT: realtimestt - DEBUG - Receive from parent_transcription_pipe after sendiung transcription request, transcribe_count: 1
2026-09-22 23:45:14.025 - RealTimeSTT: realtimestt - INFO - State changed from 'transcribing' to 'inactive'
2026-09-22 23:45:14.027 - RealTimeSTT: realtimestt - DEBUG - Model small completed transcription in 1.93 seconds
2026-09-22 23:45:14.848 - RealTimeSTT: realtimestt - INFO - Setting listen time
2026-09-22 23:45:14.849 - RealTimeSTT: realtimestt - INFO - State changed from 'inactive' to 'listening'
2026-09-22 23:45:14.849 - RealTimeSTT: realtimestt - DEBUG - Waiting for recording start
2026-09-22 23:45:29.819 - RealTimeSTT: realtimestt - INFO - voice activity detected
2026-09-22 23:45:29.819 - RealTimeSTT: realtimestt - INFO - recording started
2026-09-22 23:45:29.819 - RealTimeSTT: realtimestt - INFO - State changed from 'listening' to 'recording'
2026-09-22 23:45:29.819 - RealTimeSTT: realtimestt - DEBUG - Waiting for recording stop
2026-09-22 23:45:36.988 - RealTimeSTT: realtimestt - INFO - recording stopped
2026-09-22 23:45:36.994 - RealTimeSTT: realtimestt - DEBUG - No samples removed, final audio length: 121344
2026-09-22 23:45:36.994 - RealTimeSTT: realtimestt - INFO - State changed from 'recording' to 'inactive'
2026-09-22 23:45:36.994 - RealTimeSTT: realtimestt - INFO - State changed from 'inactive' to 'transcribing'
2026-09-22 23:45:36.994 - RealTimeSTT: realtimestt - DEBUG - Adding transcription request, no early transcription started
2026-09-22 23:45:36.996 - RealTimeSTT: realtimestt - DEBUG - Receive from parent_transcription_pipe after sendiung transcription request, transcribe_count: 1
2026-09-22 23:45:37.106 - RealTimeSTT: realtimestt - DEBUG - Receive from parent_transcription_pipe after sendiung transcription request, transcribe_count: 1
2026-09-22 23:45:37.216 - RealTimeSTT: realtimestt - DEBUG - Receive from parent_transcription_pipe after sendiung transcription request, transcribe_count: 1
2026-09-22 23:45:37.326 - RealTimeSTT: realtimestt - DEBUG - Receive from parent_transcription_pipe after sendiung transcription request, transcribe_count: 1
2026-09-22 23:45:37.434 - RealTimeSTT: realtimestt - DEBUG - Receive from parent_transcription_pipe after sendiung transcription request, transcribe_count: 1
2026-09-22 23:45:37.543 - RealTimeSTT: realtimestt - DEBUG - Receive from parent_transcription_pipe after sendiung transcription request, transcribe_count: 1
2026-09-22 23:45:37.653 - RealTimeSTT: realtimestt - DEBUG - Receive from parent_transcription_pipe after sendiung transcription request, transcribe_count: 1
2026-09-22 23:45:37.762 - RealTimeSTT: realtimestt - DEBUG - Receive from parent_transcription_pipe after sendiung transcription request, transcribe_count: 1
2026-09-22 23:45:37.872 - RealTimeSTT: realtimestt - DEBUG - Receive from parent_transcription_pipe after sendiung transcription request, transcribe_count: 1
2026-09-22 23:45:37.980 - RealTimeSTT: realtimestt - DEBUG - Receive from parent_transcription_pipe after sendiung transcription request, transcribe_count: 1
2026-09-22 23:45:38.090 - RealTimeSTT: realtimestt - DEBUG - Receive from parent_transcription_pipe after sendiung transcription request, transcribe_count: 1
2026-09-22 23:45:38.195 - RealTimeSTT: realtimestt - DEBUG - Receive from parent_transcription_pipe after sendiung transcription request, transcribe_count: 1
2026-09-22 23:45:38.303 - RealTimeSTT: realtimestt - DEBUG - Receive from parent_transcription_pipe after sendiung transcription request, transcribe_count: 1
2026-09-22 23:45:38.414 - RealTimeSTT: realtimestt - DEBUG - Receive from parent_transcription_pipe after sendiung transcription request, transcribe_count: 1
2026-09-22 23:45:38.523 - RealTimeSTT: realtimestt - DEBUG - Receive from parent_transcription_pipe after sendiung transcription request, transcribe_count: 1
2026-09-22 23:45:38.632 - RealTimeSTT: realtimestt - DEBUG - Receive from parent_transcription_pipe after sendiung transcription request, transcribe_count: 1
2026-09-22 23:45:38.738 - RealTimeSTT: realtimestt - DEBUG - Receive from parent_transcription_pipe after sendiung transcription request, transcribe_count: 1
2026-09-22 23:45:38.849 - RealTimeSTT: realtimestt - DEBUG - Receive from parent_transcription_pipe after sendiung transcription request, transcribe_count: 1
2026-09-22 23:45:38.956 - RealTimeSTT: realtimestt - DEBUG - Receive from parent_transcription_pipe after sendiung transcription request, transcribe_count: 1
2026-09-22 23:45:39.047 - RealTimeSTT: realtimestt - DEBUG - Receive from stdout pipe
2026-09-22 23:45:39.047 - RealTimeSTT: realtimestt - DEBUG - Receive from parent_transcription_pipe after sendiung transcription request, transcribe_count: 1
2026-09-22 23:45:39.047 - RealTimeSTT: realtimestt - INFO - None
2026-09-22 23:45:56.513 - RealTimeSTT: realtimestt - INFO - Starting RealTimeSTT
2026-09-22 23:45:56.530 - RealTimeSTT: realtimestt - INFO - Initializing audio recording (creating pyAudio input stream, sample rate: 16000 buffer size: 512
2026-09-22 23:45:56.542 - RealTimeSTT: realtimestt - INFO - Initializing WebRTC voice with Sensitivity 2
2026-09-22 23:45:56.542 - RealTimeSTT: realtimestt - DEBUG - WebRTC VAD voice activity detection engine initialized successfully
2026-09-22 23:45:56.922 - RealTimeSTT: realtimestt - DEBUG - Silero VAD voice activity detection engine initialized successfully with backend legacy
2026-09-22 23:45:56.927 - RealTimeSTT: realtimestt - DEBUG - Starting realtime worker
2026-09-22 23:45:56.927 - RealTimeSTT: realtimestt - DEBUG - Waiting for main transcription model to start
2026-09-22 23:45:56.927 - RealTimeSTT: realtimestt - DEBUG - Realtime transcription disabled; realtime worker exits
2026-09-22 23:46:06.159 - RealTimeSTT: realtimestt - DEBUG - Main transcription model ready
2026-09-22 23:46:06.161 - RealTimeSTT: realtimestt - DEBUG - RealtimeSTT initialization completed successfully
2026-09-22 23:46:07.007 - RealTimeSTT: realtimestt - INFO - Setting listen time
2026-09-22 23:46:07.007 - RealTimeSTT: realtimestt - INFO - State changed from 'inactive' to 'listening'
2026-09-22 23:46:07.007 - RealTimeSTT: realtimestt - DEBUG - Waiting for recording start
2026-09-22 23:46:13.899 - RealTimeSTT: realtimestt - INFO - voice activity detected
2026-09-22 23:46:13.899 - RealTimeSTT: realtimestt - INFO - recording started
2026-09-22 23:46:13.899 - RealTimeSTT: realtimestt - INFO - State changed from 'listening' to 'recording'
2026-09-22 23:46:13.899 - RealTimeSTT: realtimestt - DEBUG - Waiting for recording stop
2026-09-22 23:46:16.258 - RealTimeSTT: realtimestt - INFO - recording stopped
2026-09-22 23:46:16.261 - RealTimeSTT: realtimestt - DEBUG - No samples removed, final audio length: 44544
2026-09-22 23:46:16.261 - RealTimeSTT: realtimestt - INFO - State changed from 'recording' to 'inactive'
2026-09-22 23:46:16.262 - RealTimeSTT: realtimestt - INFO - State changed from 'inactive' to 'transcribing'
2026-09-22 23:46:16.262 - RealTimeSTT: realtimestt - DEBUG - Adding transcription request, no early transcription started
2026-09-22 23:46:16.274 - RealTimeSTT: realtimestt - DEBUG - Receive from parent_transcription_pipe after sendiung transcription request, transcribe_count: 1
2026-09-22 23:46:16.379 - RealTimeSTT: realtimestt - DEBUG - Receive from parent_transcription_pipe after sendiung transcription request, transcribe_count: 1
2026-09-22 23:46:16.489 - RealTimeSTT: realtimestt - DEBUG - Receive from parent_transcription_pipe after sendiung transcription request, transcribe_count: 1
2026-09-22 23:46:16.598 - RealTimeSTT: realtimestt - DEBUG - Receive from parent_transcription_pipe after sendiung transcription request, transcribe_count: 1
2026-09-22 23:46:16.708 - RealTimeSTT: realtimestt - DEBUG - Receive from parent_transcription_pipe after sendiung transcription request, transcribe_count: 1
2026-09-22 23:46:16.816 - RealTimeSTT: realtimestt - DEBUG - Receive from parent_transcription_pipe after sendiung transcription request, transcribe_count: 1
2026-09-22 23:46:16.926 - RealTimeSTT: realtimestt - DEBUG - Receive from parent_transcription_pipe after sendiung transcription request, transcribe_count: 1
2026-09-22 23:46:17.034 - RealTimeSTT: realtimestt - DEBUG - Receive from parent_transcription_pipe after sendiung transcription request, transcribe_count: 1
2026-09-22 23:46:17.146 - RealTimeSTT: realtimestt - DEBUG - Receive from parent_transcription_pipe after sendiung transcription request, transcribe_count: 1
2026-09-22 23:46:17.255 - RealTimeSTT: realtimestt - DEBUG - Receive from parent_transcription_pipe after sendiung transcription request, transcribe_count: 1
2026-09-22 23:46:17.364 - RealTimeSTT: realtimestt - DEBUG - Receive from parent_transcription_pipe after sendiung transcription request, transcribe_count: 1
2026-09-22 23:46:17.471 - RealTimeSTT: realtimestt - DEBUG - Receive from parent_transcription_pipe after sendiung transcription request, transcribe_count: 1
2026-09-22 23:46:17.580 - RealTimeSTT: realtimestt - DEBUG - Receive from parent_transcription_pipe after sendiung transcription request, transcribe_count: 1
2026-09-22 23:46:17.688 - RealTimeSTT: realtimestt - DEBUG - Receive from parent_transcription_pipe after sendiung transcription request, transcribe_count: 1
2026-09-22 23:46:17.798 - RealTimeSTT: realtimestt - DEBUG - Receive from parent_transcription_pipe after sendiung transcription request, transcribe_count: 1
2026-09-22 23:46:17.906 - RealTimeSTT: realtimestt - DEBUG - Receive from parent_transcription_pipe after sendiung transcription request, transcribe_count: 1
2026-09-22 23:46:18.016 - RealTimeSTT: realtimestt - DEBUG - Receive from parent_transcription_pipe after sendiung transcription request, transcribe_count: 1
2026-09-22 23:46:18.124 - RealTimeSTT: realtimestt - DEBUG - Receive from parent_transcription_pipe after sendiung transcription request, transcribe_count: 1
2026-09-22 23:46:18.210 - RealTimeSTT: realtimestt - INFO - State changed from 'transcribing' to 'inactive'
2026-09-22 23:46:18.212 - RealTimeSTT: realtimestt - DEBUG - Model small completed transcription in 1.95 seconds
2026-09-22 23:46:19.033 - RealTimeSTT: realtimestt - INFO - Setting listen time
2026-09-22 23:46:19.033 - RealTimeSTT: realtimestt - INFO - State changed from 'inactive' to 'listening'
2026-09-22 23:46:19.033 - RealTimeSTT: realtimestt - DEBUG - Waiting for recording start
2026-09-22 23:46:39.879 - RealTimeSTT: realtimestt - INFO - voice activity detected
2026-09-22 23:46:39.879 - RealTimeSTT: realtimestt - INFO - recording started
2026-09-22 23:46:39.879 - RealTimeSTT: realtimestt - INFO - State changed from 'listening' to 'recording'
2026-09-22 23:46:39.879 - RealTimeSTT: realtimestt - DEBUG - Waiting for recording stop
2026-09-22 23:46:41.858 - RealTimeSTT: realtimestt - INFO - recording stopped
2026-09-22 23:46:41.861 - RealTimeSTT: realtimestt - DEBUG - No samples removed, final audio length: 38400
2026-09-22 23:46:41.861 - RealTimeSTT: realtimestt - INFO - State changed from 'recording' to 'inactive'
2026-09-22 23:46:41.861 - RealTimeSTT: realtimestt - INFO - State changed from 'inactive' to 'transcribing'
2026-09-22 23:46:41.861 - RealTimeSTT: realtimestt - DEBUG - Adding transcription request, no early transcription started
2026-09-22 23:46:41.864 - RealTimeSTT: realtimestt - DEBUG - Receive from parent_transcription_pipe after sendiung transcription request, transcribe_count: 1
2026-09-22 23:46:41.968 - RealTimeSTT: realtimestt - DEBUG - Receive from parent_transcription_pipe after sendiung transcription request, transcribe_count: 1
2026-09-22 23:46:42.075 - RealTimeSTT: realtimestt - DEBUG - Receive from parent_transcription_pipe after sendiung transcription request, transcribe_count: 1
2026-09-22 23:46:42.182 - RealTimeSTT: realtimestt - DEBUG - Receive from parent_transcription_pipe after sendiung transcription request, transcribe_count: 1
2026-09-22 23:46:42.291 - RealTimeSTT: realtimestt - DEBUG - Receive from parent_transcription_pipe after sendiung transcription request, transcribe_count: 1
2026-09-22 23:46:42.400 - RealTimeSTT: realtimestt - DEBUG - Receive from parent_transcription_pipe after sendiung transcription request, transcribe_count: 1
2026-09-22 23:46:42.509 - RealTimeSTT: realtimestt - DEBUG - Receive from parent_transcription_pipe after sendiung transcription request, transcribe_count: 1
2026-09-22 23:46:42.618 - RealTimeSTT: realtimestt - DEBUG - Receive from parent_transcription_pipe after sendiung transcription request, transcribe_count: 1
2026-09-22 23:46:42.727 - RealTimeSTT: realtimestt - DEBUG - Receive from parent_transcription_pipe after sendiung transcription request, transcribe_count: 1
2026-09-22 23:46:42.836 - RealTimeSTT: realtimestt - DEBUG - Receive from parent_transcription_pipe after sendiung transcription request, transcribe_count: 1
2026-09-22 23:46:42.944 - RealTimeSTT: realtimestt - DEBUG - Receive from parent_transcription_pipe after sendiung transcription request, transcribe_count: 1
2026-09-22 23:46:43.053 - RealTimeSTT: realtimestt - DEBUG - Receive from parent_transcription_pipe after sendiung transcription request, transcribe_count: 1
2026-09-22 23:46:43.162 - RealTimeSTT: realtimestt - DEBUG - Receive from parent_transcription_pipe after sendiung transcription request, transcribe_count: 1
2026-09-22 23:46:43.270 - RealTimeSTT: realtimestt - DEBUG - Receive from parent_transcription_pipe after sendiung transcription request, transcribe_count: 1
2026-09-22 23:46:43.378 - RealTimeSTT: realtimestt - DEBUG - Receive from parent_transcription_pipe after sendiung transcription request, transcribe_count: 1
2026-09-22 23:46:43.488 - RealTimeSTT: realtimestt - DEBUG - Receive from parent_transcription_pipe after sendiung transcription request, transcribe_count: 1
2026-09-22 23:46:43.598 - RealTimeSTT: realtimestt - DEBUG - Receive from parent_transcription_pipe after sendiung transcription request, transcribe_count: 1
2026-09-22 23:46:43.707 - RealTimeSTT: realtimestt - DEBUG - Receive from parent_transcription_pipe after sendiung transcription request, transcribe_count: 1
2026-09-22 23:46:43.767 - RealTimeSTT: realtimestt - INFO - State changed from 'transcribing' to 'inactive'
2026-09-22 23:46:43.767 - RealTimeSTT: realtimestt - DEBUG - Model small completed transcription in 1.91 seconds
2026-09-22 23:46:44.588 - RealTimeSTT: realtimestt - INFO - Setting listen time
2026-09-22 23:46:44.588 - RealTimeSTT: realtimestt - INFO - State changed from 'inactive' to 'listening'
2026-09-22 23:46:44.588 - RealTimeSTT: realtimestt - DEBUG - Waiting for recording start
2026-09-22 23:46:54.788 - RealTimeSTT: realtimestt - INFO - voice activity detected
2026-09-22 23:46:54.788 - RealTimeSTT: realtimestt - INFO - recording started
2026-09-22 23:46:54.789 - RealTimeSTT: realtimestt - INFO - State changed from 'listening' to 'recording'
2026-09-22 23:46:54.789 - RealTimeSTT: realtimestt - DEBUG - Waiting for recording stop
2026-09-22 23:46:58.309 - RealTimeSTT: realtimestt - INFO - recording stopped
2026-09-22 23:46:58.312 - RealTimeSTT: realtimestt - DEBUG - No samples removed, final audio length: 62976
2026-09-22 23:46:58.312 - RealTimeSTT: realtimestt - INFO - State changed from 'recording' to 'inactive'
2026-09-22 23:46:58.312 - RealTimeSTT: realtimestt - INFO - State changed from 'inactive' to 'transcribing'
2026-09-22 23:46:58.312 - RealTimeSTT: realtimestt - DEBUG - Adding transcription request, no early transcription started
2026-09-22 23:46:58.313 - RealTimeSTT: realtimestt - DEBUG - Receive from parent_transcription_pipe after sendiung transcription request, transcribe_count: 1
2026-09-22 23:46:58.428 - RealTimeSTT: realtimestt - DEBUG - Receive from parent_transcription_pipe after sendiung transcription request, transcribe_count: 1
2026-09-22 23:46:58.537 - RealTimeSTT: realtimestt - DEBUG - Receive from parent_transcription_pipe after sendiung transcription request, transcribe_count: 1
2026-09-22 23:46:58.648 - RealTimeSTT: realtimestt - DEBUG - Receive from parent_transcription_pipe after sendiung transcription request, transcribe_count: 1
2026-09-22 23:46:58.757 - RealTimeSTT: realtimestt - DEBUG - Receive from parent_transcription_pipe after sendiung transcription request, transcribe_count: 1
2026-09-22 23:46:58.867 - RealTimeSTT: realtimestt - DEBUG - Receive from parent_transcription_pipe after sendiung transcription request, transcribe_count: 1
2026-09-22 23:46:58.977 - RealTimeSTT: realtimestt - DEBUG - Receive from parent_transcription_pipe after sendiung transcription request, transcribe_count: 1
2026-09-22 23:46:59.086 - RealTimeSTT: realtimestt - DEBUG - Receive from parent_transcription_pipe after sendiung transcription request, transcribe_count: 1
2026-09-22 23:46:59.194 - RealTimeSTT: realtimestt - DEBUG - Receive from parent_transcription_pipe after sendiung transcription request, transcribe_count: 1
2026-09-22 23:46:59.303 - RealTimeSTT: realtimestt - DEBUG - Receive from parent_transcription_pipe after sendiung transcription request, transcribe_count: 1
2026-09-22 23:46:59.412 - RealTimeSTT: realtimestt - DEBUG - Receive from parent_transcription_pipe after sendiung transcription request, transcribe_count: 1
2026-09-22 23:46:59.520 - RealTimeSTT: realtimestt - DEBUG - Receive from parent_transcription_pipe after sendiung transcription request, transcribe_count: 1
2026-09-22 23:46:59.630 - RealTimeSTT: realtimestt - DEBUG - Receive from parent_transcription_pipe after sendiung transcription request, transcribe_count: 1
2026-09-22 23:46:59.738 - RealTimeSTT: realtimestt - DEBUG - Receive from parent_transcription_pipe after sendiung transcription request, transcribe_count: 1
2026-09-22 23:46:59.847 - RealTimeSTT: realtimestt - DEBUG - Receive from parent_transcription_pipe after sendiung transcription request, transcribe_count: 1
2026-09-22 23:46:59.956 - RealTimeSTT: realtimestt - DEBUG - Receive from parent_transcription_pipe after sendiung transcription request, transcribe_count: 1
2026-09-22 23:47:00.064 - RealTimeSTT: realtimestt - DEBUG - Receive from parent_transcription_pipe after sendiung transcription request, transcribe_count: 1
2026-09-22 23:47:00.172 - RealTimeSTT: realtimestt - DEBUG - Receive from parent_transcription_pipe after sendiung transcription request, transcribe_count: 1
2026-09-22 23:47:00.283 - RealTimeSTT: realtimestt - DEBUG - Receive from parent_transcription_pipe after sendiung transcription request, transcribe_count: 1
2026-09-22 23:47:00.389 - RealTimeSTT: realtimestt - DEBUG - Receive from parent_transcription_pipe after sendiung transcription request, transcribe_count: 1
2026-09-22 23:47:00.466 - RealTimeSTT: realtimestt - INFO - State changed from 'transcribing' to 'inactive'
2026-09-22 23:47:00.467 - RealTimeSTT: realtimestt - DEBUG - Model small completed transcription in 2.16 seconds
2026-09-22 23:47:01.291 - RealTimeSTT: realtimestt - INFO - Setting listen time
2026-09-22 23:47:01.291 - RealTimeSTT: realtimestt - INFO - State changed from 'inactive' to 'listening'
2026-09-22 23:47:01.291 - RealTimeSTT: realtimestt - DEBUG - Waiting for recording start
2026-09-22 23:47:14.698 - RealTimeSTT: realtimestt - INFO - voice activity detected
2026-09-22 23:47:14.698 - RealTimeSTT: realtimestt - INFO - recording started
2026-09-22 23:47:14.698 - RealTimeSTT: realtimestt - INFO - State changed from 'listening' to 'recording'
2026-09-22 23:47:14.699 - RealTimeSTT: realtimestt - DEBUG - Waiting for recording stop
2026-09-22 23:47:19.689 - RealTimeSTT: realtimestt - INFO - recording stopped
2026-09-22 23:47:19.692 - RealTimeSTT: realtimestt - DEBUG - No samples removed, final audio length: 86528
2026-09-22 23:47:19.692 - RealTimeSTT: realtimestt - INFO - State changed from 'recording' to 'inactive'
2026-09-22 23:47:19.692 - RealTimeSTT: realtimestt - INFO - State changed from 'inactive' to 'transcribing'
2026-09-22 23:47:19.692 - RealTimeSTT: realtimestt - DEBUG - Adding transcription request, no early transcription started
2026-09-22 23:47:19.697 - RealTimeSTT: realtimestt - DEBUG - Receive from parent_transcription_pipe after sendiung transcription request, transcribe_count: 1
2026-09-22 23:47:19.802 - RealTimeSTT: realtimestt - DEBUG - Receive from parent_transcription_pipe after sendiung transcription request, transcribe_count: 1
2026-09-22 23:47:19.910 - RealTimeSTT: realtimestt - DEBUG - Receive from parent_transcription_pipe after sendiung transcription request, transcribe_count: 1
2026-09-22 23:47:20.019 - RealTimeSTT: realtimestt - DEBUG - Receive from parent_transcription_pipe after sendiung transcription request, transcribe_count: 1
2026-09-22 23:47:20.128 - RealTimeSTT: realtimestt - DEBUG - Receive from parent_transcription_pipe after sendiung transcription request, transcribe_count: 1
2026-09-22 23:47:20.237 - RealTimeSTT: realtimestt - DEBUG - Receive from parent_transcription_pipe after sendiung transcription request, transcribe_count: 1
2026-09-22 23:47:20.345 - RealTimeSTT: realtimestt - DEBUG - Receive from parent_transcription_pipe after sendiung transcription request, transcribe_count: 1
2026-09-22 23:47:20.453 - RealTimeSTT: realtimestt - DEBUG - Receive from parent_transcription_pipe after sendiung transcription request, transcribe_count: 1
2026-09-22 23:47:20.562 - RealTimeSTT: realtimestt - DEBUG - Receive from parent_transcription_pipe after sendiung transcription request, transcribe_count: 1
2026-09-22 23:47:20.672 - RealTimeSTT: realtimestt - DEBUG - Receive from parent_transcription_pipe after sendiung transcription request, transcribe_count: 1
2026-09-22 23:47:20.781 - RealTimeSTT: realtimestt - DEBUG - Receive from parent_transcription_pipe after sendiung transcription request, transcribe_count: 1
2026-09-22 23:47:20.889 - RealTimeSTT: realtimestt - DEBUG - Receive from parent_transcription_pipe after sendiung transcription request, transcribe_count: 1
2026-09-22 23:47:20.997 - RealTimeSTT: realtimestt - DEBUG - Receive from parent_transcription_pipe after sendiung transcription request, transcribe_count: 1
2026-09-22 23:47:21.104 - RealTimeSTT: realtimestt - DEBUG - Receive from parent_transcription_pipe after sendiung transcription request, transcribe_count: 1
2026-09-22 23:47:21.211 - RealTimeSTT: realtimestt - DEBUG - Receive from parent_transcription_pipe after sendiung transcription request, transcribe_count: 1
2026-09-22 23:47:21.320 - RealTimeSTT: realtimestt - DEBUG - Receive from parent_transcription_pipe after sendiung transcription request, transcribe_count: 1
2026-09-22 23:47:21.430 - RealTimeSTT: realtimestt - DEBUG - Receive from parent_transcription_pipe after sendiung transcription request, transcribe_count: 1
2026-09-22 23:47:21.541 - RealTimeSTT: realtimestt - DEBUG - Receive from parent_transcription_pipe after sendiung transcription request, transcribe_count: 1
2026-09-22 23:47:21.650 - RealTimeSTT: realtimestt - DEBUG - Receive from parent_transcription_pipe after sendiung transcription request, transcribe_count: 1
2026-09-22 23:47:21.705 - RealTimeSTT: realtimestt - INFO - State changed from 'transcribing' to 'inactive'
2026-09-22 23:47:21.707 - RealTimeSTT: realtimestt - DEBUG - Model small completed transcription in 2.02 seconds
2026-09-22 23:47:22.530 - RealTimeSTT: realtimestt - INFO - Setting listen time
2026-09-22 23:47:22.530 - RealTimeSTT: realtimestt - INFO - State changed from 'inactive' to 'listening'
2026-09-22 23:47:22.530 - RealTimeSTT: realtimestt - DEBUG - Waiting for recording start
2026-09-22 23:47:31.528 - RealTimeSTT: realtimestt - INFO - voice activity detected
2026-09-22 23:47:31.528 - RealTimeSTT: realtimestt - INFO - recording started
2026-09-22 23:47:31.528 - RealTimeSTT: realtimestt - INFO - State changed from 'listening' to 'recording'
2026-09-22 23:47:31.529 - RealTimeSTT: realtimestt - DEBUG - Waiting for recording stop
2026-09-22 23:47:43.023 - RealTimeSTT: realtimestt - DEBUG - Receive from stdout pipe
2026-09-22 23:47:43.023 - RealTimeSTT: realtimestt - INFO - None
